report_period,town,prescription_count,rate_per_1000
2022 Quarter 1,Andover,214,67.96
2022 Quarter 1,Ansonia,1241,65.65
2022 Quarter 1,Ashford,354,84.59
2022 Quarter 1,Avon,1670,88.28
2022 Quarter 1,Barkhamsted,259,70.96
2022 Quarter 1,Beacon Falls,478,79.76
2022 Quarter 1,Berlin,1132,56.17
2022 Quarter 1,Bethany,498,94.07
2022 Quarter 1,Bethel,1923,94.58
2022 Quarter 1,Bethlehem,256,75.74
2022 Quarter 1,Bloomfield,827,38.54
2022 Quarter 1,Bolton,355,72.93
2022 Quarter 1,Bozrah,273,112.72
2022 Quarter 1,Branford,2802,99.29
2022 Quarter 1,Bridgeport,3833,25.78
2022 Quarter 1,Bridgewater,137,82.58
2022 Quarter 1,Bristol,4257,70.03
2022 Quarter 1,Brookfield,1755,100.19
2022 Quarter 1,Brooklyn,707,83.66
2022 Quarter 1,Burlington,681,71.53
2022 Quarter 1,Canaan,264,244.22
2022 Quarter 1,Canterbury,405,80.34
2022 Quarter 1,Canton,793,78.32
2022 Quarter 1,Chaplin,183,85.47
2022 Quarter 1,Cheshire,2092,72.82
2022 Quarter 1,Chester,315,84.13
2022 Quarter 1,Clinton,1337,101.49
2022 Quarter 1,Colchester,1692,108.82
2022 Quarter 1,Colebrook,96,70.59
2022 Quarter 1,Columbia,488,92.72
2022 Quarter 1,Cornwall,99,63.22
2022 Quarter 1,Coventry,951,77.71
2022 Quarter 1,Cromwell,1199,84.42
2022 Quarter 1,Danbury,4994,57.69
2022 Quarter 1,Darien,2657,123.43
2022 Quarter 1,Deep River,485,109.93
2022 Quarter 1,Derby,872,70.74
2022 Quarter 1,Durham,533,74.54
2022 Quarter 1,East Granby,126,24.15
2022 Quarter 1,East Haddam,446,50.27
2022 Quarter 1,East Hampton,724,56.97
2022 Quarter 1,East Hartford,1035,20.29
2022 Quarter 1,East Haven,1961,70.35
2022 Quarter 1,East Lyme,2115,113.44
2022 Quarter 1,East Windsor,2037,182.41
2022 Quarter 1,Eastford,682,413.33
2022 Quarter 1,Easton,651,85.62
2022 Quarter 1,Ellington,1014,61.72
2022 Quarter 1,Enfield,2873,68.2
2022 Quarter 1,Essex,601,89.53
2022 Quarter 1,Fairfield,5920,96.3
2022 Quarter 1,Farmington,1819,68.2
2022 Quarter 1,Franklin,129,69.24
2022 Quarter 1,Glastonbury,2904,82.72
2022 Quarter 1,Goshen,230,73.06
2022 Quarter 1,Granby,850,78.05
2022 Quarter 1,Greenwich,6477,102.0
2022 Quarter 1,Griswold,1437,125.93
2022 Quarter 1,Groton,2537,65.99
2022 Quarter 1,Guilford,2312,104.88
2022 Quarter 1,Haddam,703,83.21
2022 Quarter 1,Hamden,3133,51.31
2022 Quarter 1,Hampton,187,108.16
2022 Quarter 1,Hartford,3702,30.59
2022 Quarter 1,Hartland,136,71.58
2022 Quarter 1,Harwinton,350,63.99
2022 Quarter 1,Hebron,810,88.99
2022 Quarter 1,Kent,212,70.34
2022 Quarter 1,Killingly,1598,90.09
2022 Quarter 1,Killingworth,581,94.12
2022 Quarter 1,Lebanon,565,79.11
2022 Quarter 1,Ledyard,1593,103.31
2022 Quarter 1,Lisbon,265,63.23
2022 Quarter 1,Litchfield,674,82.55
2022 Quarter 1,Lyme,95,40.39
2022 Quarter 1,Madison,2174,123.12
2022 Quarter 1,Manchester,3757,62.94
2022 Quarter 1,Mansfield,710,27.43
2022 Quarter 1,Marlborough,581,94.83
2022 Quarter 1,Meriden,3742,61.55
2022 Quarter 1,Middlebury,690,91.07
2022 Quarter 1,Middlefield,389,92.25
2022 Quarter 1,Middletown,3389,71.08
2022 Quarter 1,Milford,4256,81.92
2022 Quarter 1,Monroe,1609,85.55
2022 Quarter 1,Montville,1912,104.04
2022 Quarter 1,Morris,106,47.11
2022 Quarter 1,Naugatuck,2071,65.71
2022 Quarter 1,New Britain,3508,47.33
2022 Quarter 1,New Canaan,2597,126.04
2022 Quarter 1,New Fairfield,1249,92.04
2022 Quarter 1,New Hartford,505,75.92
2022 Quarter 1,New Haven,6215,46.36
2022 Quarter 1,New London,2143,78.28
2022 Quarter 1,New Milford,2191,77.95
2022 Quarter 1,Newington,2512,82.46
2022 Quarter 1,Newtown,2837,104.48
2022 Quarter 1,Norfolk,91,57.41
2022 Quarter 1,North Branford,15,4.69
2022 Quarter 1,North Canaan,2086,86.07
2022 Quarter 1,North Haven,393,76.28
2022 Quarter 1,North Stonington,1187,87.7
2022 Quarter 1,Norwalk,5169,56.68
2022 Quarter 1,Norwich,3322,82.74
2022 Quarter 1,Old Lyme,882,115.82
2022 Quarter 1,Old Saybrook,1119,107.16
2022 Quarter 1,Orange,1035,72.61
2022 Quarter 1,Oxford,1034,81.4
2022 Quarter 1,Plainfield,1268,84.62
2022 Quarter 1,Plainville,1320,75.36
2022 Quarter 1,Plymouth,894,76.62
2022 Quarter 1,Pomfret,431,100.94
2022 Quarter 1,Portland,850,90.71
2022 Quarter 1,Preston,489,102.22
2022 Quarter 1,Prospect,723,76.89
2022 Quarter 1,Putnam,911,98.82
2022 Quarter 1,Redding,927,106.04
2022 Quarter 1,Ridgefield,2482,99.24
2022 Quarter 1,Rocky Hill,1336,64.29
2022 Quarter 1,Roxbury,141,62.39
2022 Quarter 1,Salem,387,91.84
2022 Quarter 1,Salisbury,296,70.63
2022 Quarter 1,Scotland,36,22.84
2022 Quarter 1,Seymour,1413,84.58
2022 Quarter 1,Sharon,183,68.41
2022 Quarter 1,Shelton,2916,71.55
2022 Quarter 1,Sherman,295,83.78
2022 Quarter 1,Simsbury,2234,91.12
2022 Quarter 1,Somers,731,71.29
2022 Quarter 1,South Windsor,1424,52.93
2022 Quarter 1,Southbury,3224,162.94
2022 Quarter 1,Southington,1740,40.05
2022 Quarter 1,Sprague,246,82.74
2022 Quarter 1,Stafford,754,65.79
2022 Quarter 1,Stamford,7839,57.85
2022 Quarter 1,Sterling,282,78.75
2022 Quarter 1,Stonington,2552,139.55
2022 Quarter 1,Stratford,3204,61.3
2022 Quarter 1,Suffield,1196,76.06
2022 Quarter 1,Thomaston,565,76.08
2022 Quarter 1,Thompson,620,67.5
2022 Quarter 1,Tolland,1109,76.21
2022 Quarter 1,Torrington,3062,86.44
2022 Quarter 1,Trumbull,2988,81.32
2022 Quarter 1,Union,25,31.89
2022 Quarter 1,Vernon,1985,65.69
2022 Quarter 1,Voluntown,246,95.94
2022 Quarter 1,Wallingford,3554,80.19
2022 Quarter 1,Warren,105,77.89
2022 Quarter 1,Washington,212,58.18
2022 Quarter 1,Waterbury,5046,44.1
2022 Quarter 1,Waterford,2247,115.14
2022 Quarter 1,Watertown,1458,66.02
2022 Quarter 1,West Hartford,653,10.2
2022 Quarter 1,West Haven,5521,99.41
2022 Quarter 1,Westbrook,2737,405.06
2022 Quarter 1,Weston,1481,142.95
2022 Quarter 1,Westport,3440,126.81
2022 Quarter 1,Wethersfield,1873,68.68
2022 Quarter 1,Willington,470,84.41
2022 Quarter 1,Wilton,2017,109.23
2022 Quarter 1,Winchester,844,82.53
2022 Quarter 1,Windham,1621,66.36
2022 Quarter 1,Windsor,1627,55.32
2022 Quarter 1,Windsor Locks,838,66.55
2022 Quarter 1,Wolcott,1199,74.39
2022 Quarter 1,Woodbridge,759,83.65
2022 Quarter 1,Woodbury,760,78.26
2022 Quarter 1,Woodstock,570,69.28
2022 Quarter 2,Andover,220,69.86
2022 Quarter 2,Ansonia,1294,68.46
2022 Quarter 2,Ashford,369,88.17
2022 Quarter 2,Avon,1649,87.17
2022 Quarter 2,Barkhamsted,278,76.16
2022 Quarter 2,Beacon Falls,474,79.09
2022 Quarter 2,Berlin,1230,61.03
2022 Quarter 2,Bethany,543,102.57
2022 Quarter 2,Bethel,1879,92.42
2022 Quarter 2,Bethlehem,250,73.96
2022 Quarter 2,Bloomfield,861,40.12
2022 Quarter 2,Bolton,330,67.79
2022 Quarter 2,Bozrah,277,114.37
2022 Quarter 2,Branford,2935,104.0
2022 Quarter 2,Bridgeport,3962,26.64
2022 Quarter 2,Bridgewater,137,82.58
2022 Quarter 2,Bristol,4503,74.08
2022 Quarter 2,Brookfield,1945,111.03
2022 Quarter 2,Brooklyn,737,87.21
2022 Quarter 2,Burlington,712,74.79
2022 Quarter 2,Canaan,270,249.77
2022 Quarter 2,Canterbury,429,85.1
2022 Quarter 2,Canton,855,84.44
2022 Quarter 2,Chaplin,173,80.8
2022 Quarter 2,Cheshire,2116,73.66
2022 Quarter 2,Chester,311,83.07
2022 Quarter 2,Clinton,1404,106.57
2022 Quarter 2,Colchester,1690,108.7
2022 Quarter 2,Colebrook,95,69.85
2022 Quarter 2,Columbia,495,94.05
2022 Quarter 2,Cornwall,99,63.22
2022 Quarter 2,Coventry,1023,83.59
2022 Quarter 2,Cromwell,1209,85.12
2022 Quarter 2,Danbury,5056,58.4
2022 Quarter 2,Darien,2682,124.59
2022 Quarter 2,Deep River,507,114.91
2022 Quarter 2,Derby,925,75.04
2022 Quarter 2,Durham,536,74.95
2022 Quarter 2,East Granby,127,24.34
2022 Quarter 2,East Haddam,467,52.64
2022 Quarter 2,East Hampton,709,55.79
2022 Quarter 2,East Hartford,1148,22.5
2022 Quarter 2,East Haven,2032,72.9
2022 Quarter 2,East Lyme,2273,121.91
2022 Quarter 2,East Windsor,2162,193.61
2022 Quarter 2,Eastford,758,459.39
2022 Quarter 2,Easton,634,83.39
2022 Quarter 2,Ellington,1077,65.56
2022 Quarter 2,Enfield,3069,72.85
2022 Quarter 2,Essex,552,82.23
2022 Quarter 2,Fairfield,5962,96.99
2022 Quarter 2,Farmington,1890,70.86
2022 Quarter 2,Franklin,141,75.68
2022 Quarter 2,Glastonbury,2907,82.8
2022 Quarter 2,Goshen,249,79.1
2022 Quarter 2,Granby,910,83.56
2022 Quarter 2,Greenwich,6649,104.71
2022 Quarter 2,Griswold,1417,124.18
2022 Quarter 2,Groton,2630,68.41
2022 Quarter 2,Guilford,2324,105.42
2022 Quarter 2,Haddam,749,88.65
2022 Quarter 2,Hamden,3363,55.07
2022 Quarter 2,Hampton,203,117.41
2022 Quarter 2,Hartford,3656,30.21
2022 Quarter 2,Hartland,132,69.47
2022 Quarter 2,Harwinton,367,67.09
2022 Quarter 2,Hebron,833,91.52
2022 Quarter 2,Kent,206,68.35
2022 Quarter 2,Killingly,1713,96.57
2022 Quarter 2,Killingworth,594,96.23
2022 Quarter 2,Lebanon,621,86.95
2022 Quarter 2,Ledyard,1645,106.68
2022 Quarter 2,Lisbon,297,70.87
2022 Quarter 2,Litchfield,641,78.51
2022 Quarter 2,Lyme,101,42.94
2022 Quarter 2,Madison,2204,124.82
2022 Quarter 2,Manchester,3880,65.0
2022 Quarter 2,Mansfield,721,27.86
2022 Quarter 2,Marlborough,611,99.72
2022 Quarter 2,Meriden,3958,65.11
2022 Quarter 2,Middlebury,713,94.1
2022 Quarter 2,Middlefield,384,91.06
2022 Quarter 2,Middletown,3481,73.01
2022 Quarter 2,Milford,4391,84.52
2022 Quarter 2,Monroe,1613,85.76
2022 Quarter 2,Montville,1904,103.61
2022 Quarter 2,Morris,128,56.89
2022 Quarter 2,Naugatuck,2156,68.41
2022 Quarter 2,New Britain,3529,47.61
2022 Quarter 2,New Canaan,2667,129.43
2022 Quarter 2,New Fairfield,1289,94.99
2022 Quarter 2,New Hartford,534,80.28
2022 Quarter 2,New Haven,6419,47.88
2022 Quarter 2,New London,2271,82.96
2022 Quarter 2,New Milford,2228,79.27
2022 Quarter 2,Newington,2561,84.07
2022 Quarter 2,Newtown,2908,107.09
2022 Quarter 2,Norfolk,107,67.51
2022 Quarter 2,North Branford,19,5.94
2022 Quarter 2,North Canaan,2230,92.01
2022 Quarter 2,North Haven,408,79.19
2022 Quarter 2,North Stonington,1141,84.3
2022 Quarter 2,Norwalk,5531,60.65
2022 Quarter 2,Norwich,3520,87.67
2022 Quarter 2,Old Lyme,834,109.52
2022 Quarter 2,Old Saybrook,1152,110.32
2022 Quarter 2,Orange,1082,75.9
2022 Quarter 2,Oxford,1086,85.5
2022 Quarter 2,Plainfield,1350,90.1
2022 Quarter 2,Plainville,1362,77.76
2022 Quarter 2,Plymouth,902,77.31
2022 Quarter 2,Pomfret,388,90.87
2022 Quarter 2,Portland,881,94.01
2022 Quarter 2,Preston,499,104.31
2022 Quarter 2,Prospect,729,77.53
2022 Quarter 2,Putnam,957,103.81
2022 Quarter 2,Redding,895,102.38
2022 Quarter 2,Ridgefield,2559,102.32
2022 Quarter 2,Rocky Hill,1383,66.55
2022 Quarter 2,Roxbury,162,71.68
2022 Quarter 2,Salem,416,98.72
2022 Quarter 2,Salisbury,271,64.66
2022 Quarter 2,Scotland,45,28.55
2022 Quarter 2,Seymour,1418,84.87
2022 Quarter 2,Sharon,185,69.16
2022 Quarter 2,Shelton,2996,73.51
2022 Quarter 2,Sherman,309,87.76
2022 Quarter 2,Simsbury,2343,95.57
2022 Quarter 2,Somers,738,71.97
2022 Quarter 2,South Windsor,1469,54.6
2022 Quarter 2,Southbury,3306,167.09
2022 Quarter 2,Southington,1783,41.04
2022 Quarter 2,Sprague,239,80.39
2022 Quarter 2,Stafford,775,67.63
2022 Quarter 2,Stamford,8031,59.26
2022 Quarter 2,Sterling,300,83.78
2022 Quarter 2,Stonington,2616,143.04
2022 Quarter 2,Stratford,3221,61.63
2022 Quarter 2,Suffield,1202,76.44
2022 Quarter 2,Thomaston,577,77.7
2022 Quarter 2,Thompson,651,70.88
2022 Quarter 2,Tolland,1099,75.52
2022 Quarter 2,Torrington,3045,85.96
2022 Quarter 2,Trumbull,3046,82.9
2022 Quarter 2,Union,35,44.64
2022 Quarter 2,Vernon,2114,69.96
2022 Quarter 2,Voluntown,239,93.21
2022 Quarter 2,Wallingford,3604,81.32
2022 Quarter 2,Warren,116,86.05
2022 Quarter 2,Washington,182,49.95
2022 Quarter 2,Waterbury,5079,44.39
2022 Quarter 2,Waterford,2271,116.37
2022 Quarter 2,Watertown,1523,68.97
2022 Quarter 2,West Hartford,666,10.4
2022 Quarter 2,West Haven,5613,101.07
2022 Quarter 2,Westbrook,2855,422.52
2022 Quarter 2,Weston,1445,139.48
2022 Quarter 2,Westport,3356,123.71
2022 Quarter 2,Wethersfield,1939,71.1
2022 Quarter 2,Willington,484,86.93
2022 Quarter 2,Wilton,2069,112.05
2022 Quarter 2,Winchester,898,87.82
2022 Quarter 2,Windham,1650,67.55
2022 Quarter 2,Windsor,1671,56.81
2022 Quarter 2,Windsor Locks,857,68.06
2022 Quarter 2,Wolcott,1271,78.86
2022 Quarter 2,Woodbridge,807,88.94
2022 Quarter 2,Woodbury,836,86.09
2022 Quarter 2,Woodstock,623,75.72
2022 Quarter 3,Andover,199,63.52
2022 Quarter 3,Ansonia,1276,67.82
2022 Quarter 3,Ashford,356,85.05
2022 Quarter 3,Avon,1675,88.87
2022 Quarter 3,Barkhamsted,289,79.24
2022 Quarter 3,Beacon Falls,478,79.23
2022 Quarter 3,Berlin,1216,60.46
2022 Quarter 3,Bethany,551,104.2
2022 Quarter 3,Bethel,1998,97.29
2022 Quarter 3,Bethlehem,253,74.72
2022 Quarter 3,Bloomfield,859,39.99
2022 Quarter 3,Bolton,347,72.01
2022 Quarter 3,Bozrah,265,109.64
2022 Quarter 3,Branford,2959,105.02
2022 Quarter 3,Bridgeport,4069,27.43
2022 Quarter 3,Bridgewater,131,79.01
2022 Quarter 3,Bristol,4517,74.46
2022 Quarter 3,Brookfield,1875,107.25
2022 Quarter 3,Brooklyn,726,85.53
2022 Quarter 3,Burlington,738,76.95
2022 Quarter 3,Canaan,254,235.62
2022 Quarter 3,Canterbury,421,83.2
2022 Quarter 3,Canton,844,83.71
2022 Quarter 3,Chaplin,184,85.86
2022 Quarter 3,Cheshire,2230,77.9
2022 Quarter 3,Chester,298,79.42
2022 Quarter 3,Clinton,1408,105.07
2022 Quarter 3,Colchester,1628,105.03
2022 Quarter 3,Colebrook,82,60.43
2022 Quarter 3,Columbia,534,101.79
2022 Quarter 3,Cornwall,113,71.93
2022 Quarter 3,Coventry,968,79.31
2022 Quarter 3,Cromwell,1212,84.74
2022 Quarter 3,Danbury,4934,56.87
2022 Quarter 3,Darien,2637,122.65
2022 Quarter 3,Deep River,485,108.7
2022 Quarter 3,Derby,902,73.49
2022 Quarter 3,Durham,535,73.99
2022 Quarter 3,East Granby,444,85.71
2022 Quarter 3,East Haddam,801,89.35
2022 Quarter 3,East Hampton,1112,86.38
2022 Quarter 3,East Hartford,1983,39.09
2022 Quarter 3,East Haven,2181,78.44
2022 Quarter 3,East Lyme,2074,110.03
2022 Quarter 3,East Windsor,245,21.95
2022 Quarter 3,Eastford,114,68.67
2022 Quarter 3,Easton,1093,143.93
2022 Quarter 3,Ellington,1021,61.4
2022 Quarter 3,Enfield,3057,72.73
2022 Quarter 3,Essex,494,73.09
2022 Quarter 3,Fairfield,6097,98.42
2022 Quarter 3,Farmington,1948,73.11
2022 Quarter 3,Franklin,162,87.0
2022 Quarter 3,Glastonbury,2915,83.16
2022 Quarter 3,Goshen,241,76.15
2022 Quarter 3,Granby,894,81.62
2022 Quarter 3,Greenwich,6648,104.67
2022 Quarter 3,Griswold,1349,118.26
2022 Quarter 3,Groton,2588,67.3
2022 Quarter 3,Guilford,2243,101.81
2022 Quarter 3,Haddam,731,85.71
2022 Quarter 3,Hamden,3262,53.54
2022 Quarter 3,Hampton,161,93.17
2022 Quarter 3,Hartford,3623,30.05
2022 Quarter 3,Hartland,135,71.39
2022 Quarter 3,Harwinton,396,71.9
2022 Quarter 3,Hebron,854,94.2
2022 Quarter 3,Kent,244,81.77
2022 Quarter 3,Killingly,1621,91.37
2022 Quarter 3,Killingworth,589,93.97
2022 Quarter 3,Lebanon,599,84.27
2022 Quarter 3,Ledyard,1649,107.52
2022 Quarter 3,Lisbon,316,75.27
2022 Quarter 3,Litchfield,694,84.94
2022 Quarter 3,Lyme,117,49.91
2022 Quarter 3,Madison,2147,121.86
2022 Quarter 3,Manchester,3915,65.88
2022 Quarter 3,Mansfield,970,36.8
2022 Quarter 3,Marlborough,580,95.19
2022 Quarter 3,Meriden,3951,65.29
2022 Quarter 3,Middlebury,742,96.56
2022 Quarter 3,Middlefield,387,90.55
2022 Quarter 3,Middletown,3347,71.05
2022 Quarter 3,Milford,4270,81.5
2022 Quarter 3,Monroe,1652,88.04
2022 Quarter 3,Montville,1930,104.45
2022 Quarter 3,Morris,138,61.09
2022 Quarter 3,Naugatuck,2213,70.4
2022 Quarter 3,New Britain,3427,46.41
2022 Quarter 3,New Canaan,2564,123.67
2022 Quarter 3,New Fairfield,1295,95.61
2022 Quarter 3,New Hartford,560,83.98
2022 Quarter 3,New Haven,6111,45.24
2022 Quarter 3,New London,2127,76.97
2022 Quarter 3,New Milford,2507,88.96
2022 Quarter 3,Newington,2159,71.1
2022 Quarter 3,Newtown,2790,101.37
2022 Quarter 3,Norfolk,111,69.94
2022 Quarter 3,North Branford,1288,95.42
2022 Quarter 3,North Canaan,20,6.28
2022 Quarter 3,North Haven,2205,91.23
2022 Quarter 3,North Stonington,479,93.25
2022 Quarter 3,Norwalk,5480,60.09
2022 Quarter 3,Norwich,3580,89.47
2022 Quarter 3,Old Lyme,845,111.52
2022 Quarter 3,Old Saybrook,1155,109.34
2022 Quarter 3,Orange,1053,73.92
2022 Quarter 3,Oxford,1084,84.9
2022 Quarter 3,Plainfield,1382,92.39
2022 Quarter 3,Plainville,1374,78.76
2022 Quarter 3,Plymouth,960,82.34
2022 Quarter 3,Pomfret,415,97.17
2022 Quarter 3,Portland,853,90.15
2022 Quarter 3,Preston,524,109.12
2022 Quarter 3,Prospect,760,81.34
2022 Quarter 3,Putnam,976,105.78
2022 Quarter 3,Redding,879,100.63
2022 Quarter 3,Ridgefield,2584,103.31
2022 Quarter 3,Rocky Hill,1335,64.35
2022 Quarter 3,Roxbury,164,72.28
2022 Quarter 3,Salem,397,94.52
2022 Quarter 3,Salisbury,276,67.12
2022 Quarter 3,Scotland,40,25.51
2022 Quarter 3,Seymour,1412,84.66
2022 Quarter 3,Sharon,182,68.04
2022 Quarter 3,Shelton,3058,73.73
2022 Quarter 3,Sherman,321,91.17
2022 Quarter 3,Simsbury,2294,92.47
2022 Quarter 3,Somers,721,70.14
2022 Quarter 3,South Windsor,1842,68.82
2022 Quarter 3,Southbury,1528,77.19
2022 Quarter 3,Southington,3288,75.59
2022 Quarter 3,Sprague,281,95.25
2022 Quarter 3,Stafford,920,80.62
2022 Quarter 3,Stamford,8186,60.05
2022 Quarter 3,Sterling,320,89.46
2022 Quarter 3,Stonington,2662,144.46
2022 Quarter 3,Stratford,3256,62.29
2022 Quarter 3,Suffield,1100,69.35
2022 Quarter 3,Thomaston,582,78.09
2022 Quarter 3,Thompson,629,68.18
2022 Quarter 3,Tolland,1086,74.84
2022 Quarter 3,Torrington,2923,82.67
2022 Quarter 3,Trumbull,3027,81.92
2022 Quarter 3,Union,28,35.85
2022 Quarter 3,Vernon,2217,73.11
2022 Quarter 3,Voluntown,244,95.54
2022 Quarter 3,Wallingford,3599,81.44
2022 Quarter 3,Warren,118,87.47
2022 Quarter 3,Washington,260,71.57
2022 Quarter 3,Waterbury,5040,44.28
2022 Quarter 3,Waterford,2303,117.78
2022 Quarter 3,Watertown,1541,69.7
2022 Quarter 3,West Hartford,5633,88.05
2022 Quarter 3,West Haven,2739,49.54
2022 Quarter 3,Westbrook,694,101.91
2022 Quarter 3,Weston,1488,143.96
2022 Quarter 3,Westport,3405,124.82
2022 Quarter 3,Wethersfield,1937,71.41
2022 Quarter 3,Willington,440,79.59
2022 Quarter 3,Wilton,1991,107.85
2022 Quarter 3,Winchester,887,86.82
2022 Quarter 3,Windham,1599,65.64
2022 Quarter 3,Windsor,1632,55.56
2022 Quarter 3,Windsor Locks,834,66.55
2022 Quarter 3,Wolcott,1304,80.69
2022 Quarter 3,Woodbridge,849,93.86
2022 Quarter 3,Woodbury,792,81.14
2022 Quarter 3,Woodstock,597,72.62
2022 Quarter 4,Andover,203,64.79
2022 Quarter 4,Ansonia,1359,72.23
2022 Quarter 4,Ashford,363,86.72
2022 Quarter 4,Avon,1680,89.13
2022 Quarter 4,Barkhamsted,267,73.21
2022 Quarter 4,Beacon Falls,516,85.53
2022 Quarter 4,Berlin,1423,70.75
2022 Quarter 4,Bethany,555,104.95
2022 Quarter 4,Bethel,2077,101.13
2022 Quarter 4,Bethlehem,243,71.77
2022 Quarter 4,Bloomfield,842,39.2
2022 Quarter 4,Bolton,311,64.54
2022 Quarter 4,Bozrah,251,103.85
2022 Quarter 4,Branford,2933,104.1
2022 Quarter 4,Bridgeport,4058,27.36
2022 Quarter 4,Bridgewater,153,92.28
2022 Quarter 4,Bristol,4499,74.17
2022 Quarter 4,Brookfield,1856,106.17
2022 Quarter 4,Brooklyn,720,84.83
2022 Quarter 4,Burlington,755,78.72
2022 Quarter 4,Canaan,263,243.97
2022 Quarter 4,Canterbury,422,83.4
2022 Quarter 4,Canton,878,87.08
2022 Quarter 4,Chaplin,192,89.59
2022 Quarter 4,Cheshire,2311,80.73
2022 Quarter 4,Chester,284,75.69
2022 Quarter 4,Clinton,1477,110.22
2022 Quarter 4,Colchester,1604,103.48
2022 Quarter 4,Colebrook,92,67.8
2022 Quarter 4,Columbia,512,97.6
2022 Quarter 4,Cornwall,121,77.02
2022 Quarter 4,Coventry,1067,87.42
2022 Quarter 4,Cromwell,1209,84.53
2022 Quarter 4,Danbury,5041,58.1
2022 Quarter 4,Darien,2655,123.49
2022 Quarter 4,Deep River,496,111.16
2022 Quarter 4,Derby,902,73.49
2022 Quarter 4,Durham,546,75.51
2022 Quarter 4,East Granby,479,92.47
2022 Quarter 4,East Haddam,845,94.26
2022 Quarter 4,East Hampton,1141,88.63
2022 Quarter 4,East Hartford,2003,39.48
2022 Quarter 4,East Haven,2121,76.28
2022 Quarter 4,East Lyme,2125,112.74
2022 Quarter 4,East Windsor,257,23.03
2022 Quarter 4,Eastford,100,60.24
2022 Quarter 4,Easton,1169,153.94
2022 Quarter 4,Ellington,1060,63.74
2022 Quarter 4,Enfield,3099,73.73
2022 Quarter 4,Essex,509,75.31
2022 Quarter 4,Fairfield,6293,101.58
2022 Quarter 4,Farmington,2022,75.89
2022 Quarter 4,Franklin,162,87.0
2022 Quarter 4,Glastonbury,3064,87.41
2022 Quarter 4,Goshen,228,72.04
2022 Quarter 4,Granby,929,84.82
2022 Quarter 4,Greenwich,6802,107.09
2022 Quarter 4,Griswold,1400,122.73
2022 Quarter 4,Groton,2625,68.26
2022 Quarter 4,Guilford,2344,106.4
2022 Quarter 4,Haddam,763,89.46
2022 Quarter 4,Hamden,3292,54.04
2022 Quarter 4,Hampton,163,94.33
2022 Quarter 4,Hartford,3708,30.75
2022 Quarter 4,Hartland,139,73.51
2022 Quarter 4,Harwinton,404,73.35
2022 Quarter 4,Hebron,806,88.9
2022 Quarter 4,Kent,258,86.46
2022 Quarter 4,Killingly,1664,93.79
2022 Quarter 4,Killingworth,614,97.96
2022 Quarter 4,Lebanon,597,83.99
2022 Quarter 4,Ledyard,1738,113.33
2022 Quarter 4,Lisbon,316,75.27
2022 Quarter 4,Litchfield,707,86.54
2022 Quarter 4,Lyme,127,54.18
2022 Quarter 4,Madison,2159,122.54
2022 Quarter 4,Manchester,4031,67.83
2022 Quarter 4,Mansfield,1087,41.24
2022 Quarter 4,Marlborough,603,98.97
2022 Quarter 4,Meriden,4004,66.16
2022 Quarter 4,Middlebury,784,102.03
2022 Quarter 4,Middlefield,387,90.55
2022 Quarter 4,Middletown,3587,76.14
2022 Quarter 4,Milford,4451,84.96
2022 Quarter 4,Monroe,1650,87.93
2022 Quarter 4,Montville,1929,104.39
2022 Quarter 4,Morris,141,62.42
2022 Quarter 4,Naugatuck,2159,68.69
2022 Quarter 4,New Britain,3421,46.33
2022 Quarter 4,New Canaan,2612,125.99
2022 Quarter 4,New Fairfield,1268,93.61
2022 Quarter 4,New Hartford,586,87.88
2022 Quarter 4,New Haven,6260,46.34
2022 Quarter 4,New London,2233,80.8
2022 Quarter 4,New Milford,2618,92.9
2022 Quarter 4,Newington,2178,71.73
2022 Quarter 4,Newtown,2888,104.93
2022 Quarter 4,Norfolk,109,68.68
2022 Quarter 4,North Branford,1249,92.53
2022 Quarter 4,North Canaan,26,8.16
2022 Quarter 4,North Haven,2287,94.63
2022 Quarter 4,North Stonington,479,93.25
2022 Quarter 4,Norwalk,5431,59.55
2022 Quarter 4,Norwich,3591,89.74
2022 Quarter 4,Old Lyme,902,119.04
2022 Quarter 4,Old Saybrook,1139,107.83
2022 Quarter 4,Orange,1039,72.93
2022 Quarter 4,Oxford,1133,88.74
2022 Quarter 4,Plainfield,1353,90.45
2022 Quarter 4,Plainville,1391,79.74
2022 Quarter 4,Plymouth,979,83.97
2022 Quarter 4,Pomfret,452,105.83
2022 Quarter 4,Portland,909,96.07
2022 Quarter 4,Preston,517,107.66
2022 Quarter 4,Prospect,732,78.34
2022 Quarter 4,Putnam,969,105.02
2022 Quarter 4,Redding,916,104.87
2022 Quarter 4,Ridgefield,2697,107.83
2022 Quarter 4,Rocky Hill,1389,66.95
2022 Quarter 4,Roxbury,179,78.89
2022 Quarter 4,Salem,386,91.9
2022 Quarter 4,Salisbury,278,67.61
2022 Quarter 4,Scotland,40,25.51
2022 Quarter 4,Seymour,1467,87.95
2022 Quarter 4,Sharon,164,61.31
2022 Quarter 4,Shelton,3088,74.46
2022 Quarter 4,Sherman,328,93.16
2022 Quarter 4,Simsbury,2372,95.62
2022 Quarter 4,Somers,783,76.17
2022 Quarter 4,South Windsor,1857,69.38
2022 Quarter 4,Southbury,1493,75.42
2022 Quarter 4,Southington,3373,77.54
2022 Quarter 4,Sprague,299,101.36
2022 Quarter 4,Stafford,917,80.35
2022 Quarter 4,Stamford,8102,59.44
2022 Quarter 4,Sterling,322,90.02
2022 Quarter 4,Stonington,2609,141.59
2022 Quarter 4,Stratford,3358,64.25
2022 Quarter 4,Suffield,1154,72.75
2022 Quarter 4,Thomaston,593,79.57
2022 Quarter 4,Thompson,616,66.77
2022 Quarter 4,Tolland,1182,81.46
2022 Quarter 4,Torrington,3037,85.9
2022 Quarter 4,Trumbull,3153,85.33
2022 Quarter 4,Union,23,29.45
2022 Quarter 4,Vernon,2240,73.86
2022 Quarter 4,Voluntown,251,98.28
2022 Quarter 4,Wallingford,3678,83.22
2022 Quarter 4,Warren,98,72.65
2022 Quarter 4,Washington,252,69.36
2022 Quarter 4,Waterbury,5244,46.08
2022 Quarter 4,Waterford,2346,119.98
2022 Quarter 4,Watertown,1531,69.24
2022 Quarter 4,West Hartford,5913,92.43
2022 Quarter 4,West Haven,2856,51.65
2022 Quarter 4,Westbrook,716,105.14
2022 Quarter 4,Weston,1460,141.25
2022 Quarter 4,Westport,3573,130.98
2022 Quarter 4,Wethersfield,2004,73.88
2022 Quarter 4,Willington,462,83.57
2022 Quarter 4,Wilton,1978,107.15
2022 Quarter 4,Winchester,867,84.86
2022 Quarter 4,Windham,1591,65.31
2022 Quarter 4,Windsor,1750,59.57
2022 Quarter 4,Windsor Locks,882,70.39
2022 Quarter 4,Wolcott,1276,78.96
2022 Quarter 4,Woodbridge,905,100.06
2022 Quarter 4,Woodbury,840,86.06
2022 Quarter 4,Woodstock,629,76.51
2023 Quarter 1,Andover,231,73.73
2023 Quarter 1,Ansonia,1346,71.54
2023 Quarter 1,Ashford,350,83.61
2023 Quarter 1,Avon,1605,85.15
2023 Quarter 1,Barkhamsted,281,77.05
2023 Quarter 1,Beacon Falls,545,90.34
2023 Quarter 1,Berlin,1473,73.24
2023 Quarter 1,Bethany,523,98.9
2023 Quarter 1,Bethel,1991,96.95
2023 Quarter 1,Bethlehem,243,71.77
2023 Quarter 1,Bloomfield,858,39.94
2023 Quarter 1,Bolton,376,78.02
2023 Quarter 1,Bozrah,262,108.4
2023 Quarter 1,Branford,2999,106.44
2023 Quarter 1,Bridgeport,4099,27.63
2023 Quarter 1,Bridgewater,121,72.98
2023 Quarter 1,Bristol,4605,75.91
2023 Quarter 1,Brookfield,1815,103.82
2023 Quarter 1,Brooklyn,768,90.48
2023 Quarter 1,Burlington,791,82.47
2023 Quarter 1,Canaan,263,243.97
2023 Quarter 1,Canterbury,445,87.94
2023 Quarter 1,Canton,846,83.9
2023 Quarter 1,Chaplin,193,90.06
2023 Quarter 1,Cheshire,2307,80.59
2023 Quarter 1,Chester,295,78.62
2023 Quarter 1,Clinton,1449,108.13
2023 Quarter 1,Colchester,1622,104.64
2023 Quarter 1,Colebrook,99,72.96
2023 Quarter 1,Columbia,511,97.41
2023 Quarter 1,Cornwall,125,79.57
2023 Quarter 1,Coventry,1013,83.0
2023 Quarter 1,Cromwell,1162,81.25
2023 Quarter 1,Danbury,5116,58.97
2023 Quarter 1,Darien,2535,117.91
2023 Quarter 1,Deep River,522,116.99
2023 Quarter 1,Derby,943,76.83
2023 Quarter 1,Durham,572,79.1
2023 Quarter 1,East  Hampton,1160,90.1
2023 Quarter 1,East Granby,452,87.26
2023 Quarter 1,East Haddam,852,95.04
2023 Quarter 1,East Hartford,2031,40.03
2023 Quarter 1,East Haven,2129,76.57
2023 Quarter 1,East Lyme,2036,108.02
2023 Quarter 1,East Windsor,285,25.54
2023 Quarter 1,Eastford,116,69.88
2023 Quarter 1,Easton,1191,156.83
2023 Quarter 1,Ellington,1129,67.89
2023 Quarter 1,Enfield,3112,74.04
2023 Quarter 1,Essex,488,72.2
2023 Quarter 1,Fairfield,6049,97.64
2023 Quarter 1,Farmington,2003,75.17
2023 Quarter 1,Franklin,168,90.23
2023 Quarter 1,Glastonbury,3148,89.8
2023 Quarter 1,Goshen,207,65.4
2023 Quarter 1,Granby,852,77.79
2023 Quarter 1,Greenwich,6600,103.91
2023 Quarter 1,Griswold,1476,129.39
2023 Quarter 1,Groton,2568,66.78
2023 Quarter 1,Guilford,2332,105.85
2023 Quarter 1,Haddam,761,89.22
2023 Quarter 1,Hamden,3324,54.56
2023 Quarter 1,Hampton,161,93.17
2023 Quarter 1,Hartford,3830,31.76
2023 Quarter 1,Hartland,130,68.75
2023 Quarter 1,Harwinton,443,80.43
2023 Quarter 1,Hebron,864,95.3
2023 Quarter 1,Kent,223,74.73
2023 Quarter 1,Killingly,1678,94.58
2023 Quarter 1,Killingworth,582,92.85
2023 Quarter 1,Lebanon,579,81.46
2023 Quarter 1,Ledyard,1770,115.41
2023 Quarter 1,Lisbon,339,80.75
2023 Quarter 1,Litchfield,753,92.17
2023 Quarter 1,Lyme,123,52.47
2023 Quarter 1,Madison,2133,121.06
2023 Quarter 1,Manchester,4010,67.48
2023 Quarter 1,Mansfield,1045,39.65
2023 Quarter 1,Marlborough,590,96.83
2023 Quarter 1,Meriden,4038,66.73
2023 Quarter 1,Middlebury,774,100.73
2023 Quarter 1,Middlefield,390,91.25
2023 Quarter 1,Middletown,3719,78.95
2023 Quarter 1,Milford,4435,84.65
2023 Quarter 1,Monroe,1648,87.83
2023 Quarter 1,Montville,1857,100.5
2023 Quarter 1,Morris,157,69.5
2023 Quarter 1,Naugatuck,2056,65.41
2023 Quarter 1,New Britain,3452,46.75
2023 Quarter 1,New Canaan,2658,128.21
2023 Quarter 1,New Fairfield,1186,87.56
2023 Quarter 1,New Hartford,584,87.58
2023 Quarter 1,New Haven,6395,47.34
2023 Quarter 1,New London,2173,78.63
2023 Quarter 1,New Milford,2494,88.5
2023 Quarter 1,Newington,2113,69.59
2023 Quarter 1,Newtown,2747,99.81
2023 Quarter 1,Norfolk,97,61.12
2023 Quarter 1,North Branford,1273,94.31
2023 Quarter 1,North Canaan,18,5.65
2023 Quarter 1,North Haven,2242,92.76
2023 Quarter 1,North Stonington,466,90.71
2023 Quarter 1,Norwalk,5581,61.2
2023 Quarter 1,Norwich,3660,91.47
2023 Quarter 1,Old Lyme,876,115.61
2023 Quarter 1,Old Saybrook,1134,107.36
2023 Quarter 1,Orange,1092,76.65
2023 Quarter 1,Oxford,1135,88.89
2023 Quarter 1,Plainfield,1408,94.12
2023 Quarter 1,Plainville,1390,79.68
2023 Quarter 1,Plymouth,930,79.77
2023 Quarter 1,Pomfret,439,102.79
2023 Quarter 1,Portland,913,96.49
2023 Quarter 1,Preston,554,115.37
2023 Quarter 1,Prospect,738,78.98
2023 Quarter 1,Putnam,972,105.34
2023 Quarter 1,Redding,892,102.12
2023 Quarter 1,Ridgefield,2661,106.39
2023 Quarter 1,Rocky Hill,1368,65.94
2023 Quarter 1,Roxbury,153,67.43
2023 Quarter 1,Salem,433,103.1
2023 Quarter 1,Salisbury,315,76.61
2023 Quarter 1,Scotland,46,29.34
2023 Quarter 1,Seymour,1464,87.78
2023 Quarter 1,Sharon,177,66.17
2023 Quarter 1,Shelton,3116,75.13
2023 Quarter 1,Sherman,327,92.87
2023 Quarter 1,Simsbury,2361,95.17
2023 Quarter 1,Somers,795,77.34
2023 Quarter 1,South Windsor,1871,69.9
2023 Quarter 1,Southbury,1536,77.59
2023 Quarter 1,Southington,3365,77.36
2023 Quarter 1,Sprague,287,97.29
2023 Quarter 1,Stafford,878,76.94
2023 Quarter 1,Stamford,7962,58.41
2023 Quarter 1,Sterling,333,93.09
2023 Quarter 1,Stonington,2536,137.62
2023 Quarter 1,Stratford,3281,62.77
2023 Quarter 1,Suffield,1089,68.65
2023 Quarter 1,Thomaston,563,75.54
2023 Quarter 1,Thompson,659,71.43
2023 Quarter 1,Tolland,1165,80.28
2023 Quarter 1,Torrington,3033,85.78
2023 Quarter 1,Trumbull,3090,83.63
2023 Quarter 1,Union,38,48.66
2023 Quarter 1,Vernon,2281,75.22
2023 Quarter 1,Voluntown,257,100.63
2023 Quarter 1,Wallingford,3804,86.08
2023 Quarter 1,Warren,112,83.02
2023 Quarter 1,Washington,275,75.7
2023 Quarter 1,Waterbury,5277,46.37
2023 Quarter 1,Waterford,2343,119.83
2023 Quarter 1,Watertown,1479,66.89
2023 Quarter 1,West Hartford,5977,93.43
2023 Quarter 1,West Haven,2782,50.31
2023 Quarter 1,Westbrook,752,110.43
2023 Quarter 1,Weston,1471,142.32
2023 Quarter 1,Westport,3517,128.93
2023 Quarter 1,Wethersfield,2037,75.1
2023 Quarter 1,Willington,476,86.11
2023 Quarter 1,Wilton,1829,99.08
2023 Quarter 1,Winchester,885,86.62
2023 Quarter 1,Windham,1612,66.17
2023 Quarter 1,Windsor,1677,57.09
2023 Quarter 1,Windsor Locks,882,70.39
2023 Quarter 1,Wolcott,1309,81.0
2023 Quarter 1,Woodbridge,888,98.18
2023 Quarter 1,Woodbury,775,79.4
2023 Quarter 1,Woodstock,636,77.36
2023 Quarter 2,Andover,234,74.69
2023 Quarter 2,Ansonia,1387,73.72
2023 Quarter 2,Ashford,395,94.36
2023 Quarter 2,Avon,1652,87.65
2023 Quarter 2,Barkhamsted,301,82.53
2023 Quarter 2,Beacon Falls,560,92.82
2023 Quarter 2,Berlin,1580,78.56
2023 Quarter 2,Bethany,577,109.11
2023 Quarter 2,Bethel,2112,102.84
2023 Quarter 2,Bethlehem,233,68.81
2023 Quarter 2,Bloomfield,858,39.94
2023 Quarter 2,Bolton,407,84.46
2023 Quarter 2,Bozrah,260,107.57
2023 Quarter 2,Branford,3083,109.42
2023 Quarter 2,Bridgeport,4367,29.44
2023 Quarter 2,Bridgewater,149,89.87
2023 Quarter 2,Bristol,4779,78.78
2023 Quarter 2,Brookfield,1810,103.54
2023 Quarter 2,Brooklyn,785,92.48
2023 Quarter 2,Burlington,846,88.21
2023 Quarter 2,Canaan,279,258.81
2023 Quarter 2,Canterbury,445,87.94
2023 Quarter 2,Canton,894,88.66
2023 Quarter 2,Chaplin,214,99.86
2023 Quarter 2,Cheshire,2396,83.69
2023 Quarter 2,Chester,324,86.35
2023 Quarter 2,Clinton,1515,113.06
2023 Quarter 2,Colchester,1643,105.99
2023 Quarter 2,Colebrook,93,68.53
2023 Quarter 2,Columbia,511,97.41
2023 Quarter 2,Cornwall,122,77.66
2023 Quarter 2,Coventry,1102,90.29
2023 Quarter 2,Cromwell,1210,84.6
2023 Quarter 2,Danbury,5261,60.64
2023 Quarter 2,Darien,2620,121.86
2023 Quarter 2,Deep River,535,119.9
2023 Quarter 2,Derby,956,77.89
2023 Quarter 2,Durham,617,85.33
2023 Quarter 2,East  Hampton,1222,94.92
2023 Quarter 2,East Granby,499,96.33
2023 Quarter 2,East Haddam,772,86.11
2023 Quarter 2,East Hartford,2119,41.77
2023 Quarter 2,East Haven,2342,84.23
2023 Quarter 2,East Lyme,2144,113.75
2023 Quarter 2,East Windsor,347,31.09
2023 Quarter 2,Eastford,132,79.52
2023 Quarter 2,Easton,1254,165.13
2023 Quarter 2,Ellington,1162,69.87
2023 Quarter 2,Enfield,3091,73.54
2023 Quarter 2,Essex,515,76.19
2023 Quarter 2,Fairfield,6414,103.54
2023 Quarter 2,Farmington,2062,77.39
2023 Quarter 2,Franklin,185,99.36
2023 Quarter 2,Glastonbury,3263,93.08
2023 Quarter 2,Goshen,234,73.93
2023 Quarter 2,Granby,843,76.97
2023 Quarter 2,Greenwich,6736,106.06
2023 Quarter 2,Griswold,1534,134.48
2023 Quarter 2,Groton,2730,70.99
2023 Quarter 2,Guilford,2408,109.3
2023 Quarter 2,Haddam,839,98.37
2023 Quarter 2,Hamden,3510,57.61
2023 Quarter 2,Hampton,181,104.75
2023 Quarter 2,Hartford,3841,31.86
2023 Quarter 2,Hartland,150,79.32
2023 Quarter 2,Harwinton,471,85.51
2023 Quarter 2,Hebron,889,98.06
2023 Quarter 2,Kent,237,79.42
2023 Quarter 2,Killingly,1652,93.11
2023 Quarter 2,Killingworth,646,103.06
2023 Quarter 2,Lebanon,616,86.66
2023 Quarter 2,Ledyard,1839,119.91
2023 Quarter 2,Lisbon,332,79.09
2023 Quarter 2,Litchfield,662,81.03
2023 Quarter 2,Lyme,121,51.62
2023 Quarter 2,Madison,2199,124.81
2023 Quarter 2,Manchester,4034,67.88
2023 Quarter 2,Mansfield,1040,39.46
2023 Quarter 2,Marlborough,601,98.64
2023 Quarter 2,Meriden,4098,67.72
2023 Quarter 2,Middlebury,755,98.26
2023 Quarter 2,Middlefield,377,88.21
2023 Quarter 2,Middletown,3902,82.83
2023 Quarter 2,Milford,4608,87.96
2023 Quarter 2,Monroe,1739,92.68
2023 Quarter 2,Montville,2020,109.32
2023 Quarter 2,Morris,141,62.42
2023 Quarter 2,Naugatuck,2105,66.97
2023 Quarter 2,New Britain,3545,48.01
2023 Quarter 2,New Canaan,2759,133.08
2023 Quarter 2,New Fairfield,1263,93.24
2023 Quarter 2,New Hartford,620,92.98
2023 Quarter 2,New Haven,6639,49.15
2023 Quarter 2,New London,2296,83.08
2023 Quarter 2,New Milford,2651,94.07
2023 Quarter 2,Newington,2364,77.85
2023 Quarter 2,Newtown,2945,107.01
2023 Quarter 2,Norfolk,99,62.38
2023 Quarter 2,North Branford,1361,100.83
2023 Quarter 2,North Canaan,14,4.4
2023 Quarter 2,North Haven,2235,92.47
2023 Quarter 2,North Stonington,486,94.61
2023 Quarter 2,Norwalk,5835,63.98
2023 Quarter 2,Norwich,3949,98.69
2023 Quarter 2,Old Lyme,967,127.62
2023 Quarter 2,Old Saybrook,1171,110.86
2023 Quarter 2,Orange,1108,77.78
2023 Quarter 2,Oxford,1114,87.25
2023 Quarter 2,Plainfield,1491,99.67
2023 Quarter 2,Plainville,1464,83.92
2023 Quarter 2,Plymouth,1024,87.83
2023 Quarter 2,Pomfret,384,89.91
2023 Quarter 2,Portland,1012,106.95
2023 Quarter 2,Preston,587,122.24
2023 Quarter 2,Prospect,740,79.2
2023 Quarter 2,Putnam,968,104.91
2023 Quarter 2,Redding,912,104.41
2023 Quarter 2,Ridgefield,2766,110.59
2023 Quarter 2,Rocky Hill,1474,71.05
2023 Quarter 2,Roxbury,169,74.48
2023 Quarter 2,Salem,416,99.05
2023 Quarter 2,Salisbury,285,69.31
2023 Quarter 2,Scotland,45,28.7
2023 Quarter 2,Seymour,1487,89.15
2023 Quarter 2,Sharon,194,72.52
2023 Quarter 2,Shelton,3328,80.24
2023 Quarter 2,Sherman,316,89.75
2023 Quarter 2,Simsbury,2506,101.02
2023 Quarter 2,Somers,747,72.67
2023 Quarter 2,South Windsor,1907,71.24
2023 Quarter 2,Southbury,1579,79.76
2023 Quarter 2,Southington,3497,80.39
2023 Quarter 2,Sprague,311,105.42
2023 Quarter 2,Stafford,925,81.06
2023 Quarter 2,Stamford,8217,60.28
2023 Quarter 2,Sterling,387,108.19
2023 Quarter 2,Stonington,2641,143.32
2023 Quarter 2,Stratford,3453,66.06
2023 Quarter 2,Suffield,1222,77.04
2023 Quarter 2,Thomaston,590,79.16
2023 Quarter 2,Thompson,676,73.27
2023 Quarter 2,Tolland,1212,83.52
2023 Quarter 2,Torrington,3093,87.48
2023 Quarter 2,Trumbull,3201,86.63
2023 Quarter 2,Union,43,55.06
2023 Quarter 2,Vernon,2374,78.28
2023 Quarter 2,Voluntown,257,100.63
2023 Quarter 2,Wallingford,3889,88.0
2023 Quarter 2,Warren,128,94.89
2023 Quarter 2,Washington,262,72.12
2023 Quarter 2,Waterbury,5389,47.35
2023 Quarter 2,Waterford,2361,120.75
2023 Quarter 2,Watertown,1555,70.33
2023 Quarter 2,West Hartford,6078,95.01
2023 Quarter 2,West Haven,2893,52.32
2023 Quarter 2,Westbrook,765,112.33
2023 Quarter 2,Weston,1492,144.35
2023 Quarter 2,Westport,3660,134.17
2023 Quarter 2,Wethersfield,2099,77.39
2023 Quarter 2,Willington,449,81.22
2023 Quarter 2,Wilton,1985,107.53
2023 Quarter 2,Winchester,983,96.21
2023 Quarter 2,Windham,1709,70.15
2023 Quarter 2,Windsor,1764,60.05
2023 Quarter 2,Windsor Locks,899,71.74
2023 Quarter 2,Wolcott,1351,83.6
2023 Quarter 2,Woodbridge,914,101.05
2023 Quarter 2,Woodbury,900,92.2
2023 Quarter 2,Woodstock,640,77.85
2023 Quarter 3,Andover,223,70.79
2023 Quarter 3,Ansonia,1374,72.61
2023 Quarter 3,Ashford,413,97.82
2023 Quarter 3,Avon,1744,92.42
2023 Quarter 3,Barkhamsted,291,79.36
2023 Quarter 3,Beacon Falls,564,92.07
2023 Quarter 3,Berlin,1524,75.46
2023 Quarter 3,Bethany,595,112.75
2023 Quarter 3,Bethel,2083,100.71
2023 Quarter 3,Bethlehem,257,75.39
2023 Quarter 3,Bloomfield,891,41.33
2023 Quarter 3,Bolton,360,74.47
2023 Quarter 3,Bozrah,288,119.01
2023 Quarter 3,Branford,2965,105.34
2023 Quarter 3,Bridgeport,4187,28.22
2023 Quarter 3,Bridgewater,138,83.54
2023 Quarter 3,Bristol,4856,79.18
2023 Quarter 3,Brookfield,1844,105.11
2023 Quarter 3,Brooklyn,770,90.57
2023 Quarter 3,Burlington,832,85.68
2023 Quarter 3,Canaan,262,242.37
2023 Quarter 3,Canterbury,494,96.82
2023 Quarter 3,Canton,876,86.81
2023 Quarter 3,Chaplin,235,109.0
2023 Quarter 3,Cheshire,2415,83.29
2023 Quarter 3,Chester,328,87.3
2023 Quarter 3,Clinton,1482,110.61
2023 Quarter 3,Colchester,1745,112.06
2023 Quarter 3,Colebrook,57,41.64
2023 Quarter 3,Columbia,560,106.5
2023 Quarter 3,Cornwall,124,78.83
2023 Quarter 3,Coventry,1053,85.71
2023 Quarter 3,Cromwell,1258,87.87
2023 Quarter 3,Danbury,5095,58.59
2023 Quarter 3,Darien,2647,120.72
2023 Quarter 3,Deep River,533,119.91
2023 Quarter 3,Derby,921,74.53
2023 Quarter 3,Durham,645,89.5
2023 Quarter 3,East  Hampton,1175,90.66
2023 Quarter 3,East Granby,518,99.27
2023 Quarter 3,East Haddam,828,92.52
2023 Quarter 3,East Hartford,2090,41.21
2023 Quarter 3,East Haven,2234,80.7
2023 Quarter 3,East Lyme,2275,121.09
2023 Quarter 3,East Windsor,299,26.75
2023 Quarter 3,Eastford,132,78.81
2023 Quarter 3,Easton,1220,159.9
2023 Quarter 3,Ellington,1187,69.92
2023 Quarter 3,Enfield,3241,78.58
2023 Quarter 3,Essex,504,74.19
2023 Quarter 3,Fairfield,6643,105.66
2023 Quarter 3,Farmington,2107,78.83
2023 Quarter 3,Franklin,185,98.35
2023 Quarter 3,Glastonbury,3289,93.44
2023 Quarter 3,Goshen,245,76.49
2023 Quarter 3,Granby,885,80.16
2023 Quarter 3,Greenwich,6569,103.22
2023 Quarter 3,Griswold,1573,136.68
2023 Quarter 3,Groton,2710,71.8
2023 Quarter 3,Guilford,2337,106.14
2023 Quarter 3,Haddam,806,92.96
2023 Quarter 3,Hamden,3384,55.65
2023 Quarter 3,Hampton,149,85.73
2023 Quarter 3,Hartford,3628,30.06
2023 Quarter 3,Hartland,140,73.38
2023 Quarter 3,Harwinton,449,80.73
2023 Quarter 3,Hebron,894,98.02
2023 Quarter 3,Kent,229,75.06
2023 Quarter 3,Killingly,1732,97.1
2023 Quarter 3,Killingworth,654,104.82
2023 Quarter 3,Lebanon,619,86.79
2023 Quarter 3,Ledyard,1777,114.97
2023 Quarter 3,Lisbon,352,82.98
2023 Quarter 3,Litchfield,703,84.91
2023 Quarter 3,Lyme,94,39.15
2023 Quarter 3,Madison,2204,125.48
2023 Quarter 3,Manchester,4087,68.73
2023 Quarter 3,Mansfield,1040,32.55
2023 Quarter 3,Marlborough,602,98.54
2023 Quarter 3,Meriden,4005,66.48
2023 Quarter 3,Middlebury,746,95.56
2023 Quarter 3,Middlefield,365,85.92
2023 Quarter 3,Middletown,3743,76.81
2023 Quarter 3,Milford,4535,86.09
2023 Quarter 3,Monroe,1785,94.97
2023 Quarter 3,Montville,2048,114.47
2023 Quarter 3,Morris,130,57.34
2023 Quarter 3,Naugatuck,2159,68.1
2023 Quarter 3,New Britain,3588,48.23
2023 Quarter 3,New Canaan,2755,132.61
2023 Quarter 3,New Fairfield,1244,91.9
2023 Quarter 3,New Hartford,619,92.42
2023 Quarter 3,New Haven,6408,46.13
2023 Quarter 3,New London,2362,84.42
2023 Quarter 3,New Milford,2488,87.99
2023 Quarter 3,Newington,2288,75.37
2023 Quarter 3,Newtown,2829,102.59
2023 Quarter 3,Norfolk,108,67.75
2023 Quarter 3,North Branford,1317,97.82
2023 Quarter 3,North Canaan,14,4.36
2023 Quarter 3,North Haven,2313,95.92
2023 Quarter 3,North Stonington,459,88.71
2023 Quarter 3,Norwalk,5752,62.93
2023 Quarter 3,Norwich,3898,97.43
2023 Quarter 3,Old Lyme,932,121.29
2023 Quarter 3,Old Saybrook,1208,114.67
2023 Quarter 3,Orange,1055,73.99
2023 Quarter 3,Oxford,1113,86.01
2023 Quarter 3,Plainfield,1461,96.48
2023 Quarter 3,Plainville,1554,88.91
2023 Quarter 3,Plymouth,1010,86.24
2023 Quarter 3,Pomfret,401,93.1
2023 Quarter 3,Portland,943,100.01
2023 Quarter 3,Preston,577,119.21
2023 Quarter 3,Prospect,730,77.37
2023 Quarter 3,Putnam,957,102.88
2023 Quarter 3,Redding,959,109.65
2023 Quarter 3,Ridgefield,2751,110.01
2023 Quarter 3,Rocky Hill,1460,70.49
2023 Quarter 3,Roxbury,175,76.79
2023 Quarter 3,Salem,442,102.17
2023 Quarter 3,Salisbury,276,65.11
2023 Quarter 3,Scotland,39,24.73
2023 Quarter 3,Seymour,1488,88.52
2023 Quarter 3,Sharon,209,76.73
2023 Quarter 3,Shelton,3292,78.57
2023 Quarter 3,Sherman,330,93.3
2023 Quarter 3,Simsbury,2431,97.49
2023 Quarter 3,Somers,749,76.09
2023 Quarter 3,South Windsor,1880,70.19
2023 Quarter 3,Southbury,1628,81.49
2023 Quarter 3,Southington,3490,79.77
2023 Quarter 3,Sprague,322,108.86
2023 Quarter 3,Stafford,987,86.21
2023 Quarter 3,Stamford,8242,60.52
2023 Quarter 3,Sterling,407,112.34
2023 Quarter 3,Stonington,2612,141.34
2023 Quarter 3,Stratford,3321,63.28
2023 Quarter 3,Suffield,1190,75.65
2023 Quarter 3,Thomaston,610,81.68
2023 Quarter 3,Thompson,725,77.83
2023 Quarter 3,Tolland,1157,79.37
2023 Quarter 3,Torrington,3020,84.92
2023 Quarter 3,Trumbull,3127,84.21
2023 Quarter 3,Union,38,47.92
2023 Quarter 3,Vernon,2367,77.29
2023 Quarter 3,Voluntown,268,103.4
2023 Quarter 3,Wallingford,3819,86.76
2023 Quarter 3,Warren,110,81.36
2023 Quarter 3,Washington,251,68.47
2023 Quarter 3,Waterbury,5385,46.82
2023 Quarter 3,Waterford,2426,123.76
2023 Quarter 3,Watertown,1520,68.52
2023 Quarter 3,West Hartford,6136,95.47
2023 Quarter 3,West Haven,2915,53.0
2023 Quarter 3,Westbrook,794,115.74
2023 Quarter 3,Weston,1550,149.7
2023 Quarter 3,Westport,3524,128.49
2023 Quarter 3,Wethersfield,1988,73.28
2023 Quarter 3,Willington,455,82.07
2023 Quarter 3,Wilton,2072,112.26
2023 Quarter 3,Winchester,957,93.46
2023 Quarter 3,Windham,1603,65.7
2023 Quarter 3,Windsor,1857,63.05
2023 Quarter 3,Windsor Locks,873,69.63
2023 Quarter 3,Wolcott,1356,83.76
2023 Quarter 3,Woodbridge,895,98.88
2023 Quarter 3,Woodbury,956,97.53
2023 Quarter 3,Woodstock,627,75.43
2023 Quarter 4,Andover,251,79.68
2023 Quarter 4,Ansonia,1318,69.65
2023 Quarter 4,Ashford,404,95.69
2023 Quarter 4,Avon,1802,95.49
2023 Quarter 4,Barkhamsted,321,87.54
2023 Quarter 4,Beacon Falls,574,93.7
2023 Quarter 4,Berlin,1573,77.88
2023 Quarter 4,Bethany,566,107.26
2023 Quarter 4,Bethel,2089,101.0
2023 Quarter 4,Bethlehem,247,72.46
2023 Quarter 4,Bloomfield,952,44.16
2023 Quarter 4,Bolton,378,78.2
2023 Quarter 4,Bozrah,306,126.45
2023 Quarter 4,Branford,2952,104.87
2023 Quarter 4,Bridgeport,4275,28.81
2023 Quarter 4,Bridgewater,144,87.17
2023 Quarter 4,Bristol,4763,77.66
2023 Quarter 4,Brookfield,1906,108.65
2023 Quarter 4,Brooklyn,774,91.04
2023 Quarter 4,Burlington,839,86.41
2023 Quarter 4,Canaan,270,249.77
2023 Quarter 4,Canterbury,448,87.81
2023 Quarter 4,Canton,947,93.85
2023 Quarter 4,Chaplin,232,107.61
2023 Quarter 4,Cheshire,2514,86.71
2023 Quarter 4,Chester,341,90.76
2023 Quarter 4,Clinton,1549,115.61
2023 Quarter 4,Colchester,1716,110.2
2023 Quarter 4,Colebrook,70,51.13
2023 Quarter 4,Columbia,548,104.22
2023 Quarter 4,Cornwall,129,82.01
2023 Quarter 4,Coventry,1132,92.14
2023 Quarter 4,Cromwell,1252,87.45
2023 Quarter 4,Danbury,5254,60.41
2023 Quarter 4,Darien,2750,125.42
2023 Quarter 4,Deep River,540,121.48
2023 Quarter 4,Derby,947,76.63
2023 Quarter 4,Durham,621,86.17
2023 Quarter 4,East  Hampton,1196,92.28
2023 Quarter 4,East Granby,555,106.36
2023 Quarter 4,East Haddam,858,95.88
2023 Quarter 4,East Hartford,2094,41.29
2023 Quarter 4,East Haven,2266,81.86
2023 Quarter 4,East Lyme,2314,123.16
2023 Quarter 4,East Windsor,347,31.05
2023 Quarter 4,Eastford,123,73.43
2023 Quarter 4,Easton,1240,162.52
2023 Quarter 4,Ellington,1240,73.04
2023 Quarter 4,Enfield,3442,83.45
2023 Quarter 4,Essex,598,88.03
2023 Quarter 4,Fairfield,6650,105.77
2023 Quarter 4,Farmington,2113,79.06
2023 Quarter 4,Franklin,191,101.54
2023 Quarter 4,Glastonbury,3402,96.65
2023 Quarter 4,Goshen,233,72.74
2023 Quarter 4,Granby,895,81.06
2023 Quarter 4,Greenwich,6942,109.09
2023 Quarter 4,Griswold,1631,141.72
2023 Quarter 4,Groton,2844,75.35
2023 Quarter 4,Guilford,2385,108.32
2023 Quarter 4,Haddam,834,96.19
2023 Quarter 4,Hamden,3586,58.97
2023 Quarter 4,Hampton,155,89.18
2023 Quarter 4,Hartford,3847,31.88
2023 Quarter 4,Hartland,148,77.57
2023 Quarter 4,Harwinton,470,84.5
2023 Quarter 4,Hebron,861,94.4
2023 Quarter 4,Kent,253,82.92
2023 Quarter 4,Killingly,1768,99.12
2023 Quarter 4,Killingworth,624,100.02
2023 Quarter 4,Lebanon,622,87.21
2023 Quarter 4,Ledyard,1888,122.15
2023 Quarter 4,Lisbon,390,91.94
2023 Quarter 4,Litchfield,748,90.35
2023 Quarter 4,Lyme,111,46.23
2023 Quarter 4,Madison,2232,127.07
2023 Quarter 4,Manchester,4207,70.75
2023 Quarter 4,Mansfield,1156,36.18
2023 Quarter 4,Marlborough,637,104.27
2023 Quarter 4,Meriden,4033,66.95
2023 Quarter 4,Middlebury,749,95.94
2023 Quarter 4,Middlefield,409,96.28
2023 Quarter 4,Middletown,4003,82.15
2023 Quarter 4,Milford,4718,89.56
2023 Quarter 4,Monroe,1831,97.41
2023 Quarter 4,Montville,2137,119.45
2023 Quarter 4,Morris,145,63.96
2023 Quarter 4,Naugatuck,2125,67.02
2023 Quarter 4,New Britain,3682,49.49
2023 Quarter 4,New Canaan,2764,133.04
2023 Quarter 4,New Fairfield,1286,95.01
2023 Quarter 4,New Hartford,638,95.25
2023 Quarter 4,New Haven,6918,49.8
2023 Quarter 4,New London,2448,87.49
2023 Quarter 4,New Milford,2529,89.44
2023 Quarter 4,Newington,2318,76.36
2023 Quarter 4,Newtown,2974,107.84
2023 Quarter 4,Norfolk,98,61.48
2023 Quarter 4,North Branford,1320,98.04
2023 Quarter 4,North Canaan,11,3.43
2023 Quarter 4,North Haven,2322,96.29
2023 Quarter 4,North Stonington,443,85.62
2023 Quarter 4,Norwalk,5753,62.94
2023 Quarter 4,Norwich,3882,97.03
2023 Quarter 4,Old Lyme,1003,130.53
2023 Quarter 4,Old Saybrook,1189,112.86
2023 Quarter 4,Orange,1161,81.43
2023 Quarter 4,Oxford,1191,92.03
2023 Quarter 4,Plainfield,1563,103.22
2023 Quarter 4,Plainville,1537,87.93
2023 Quarter 4,Plymouth,1058,90.34
2023 Quarter 4,Pomfret,447,103.78
2023 Quarter 4,Portland,1066,113.06
2023 Quarter 4,Preston,603,124.59
2023 Quarter 4,Prospect,776,82.25
2023 Quarter 4,Putnam,974,104.71
2023 Quarter 4,Redding,964,110.22
2023 Quarter 4,Ridgefield,2764,110.53
2023 Quarter 4,Rocky Hill,1487,71.79
2023 Quarter 4,Roxbury,166,72.84
2023 Quarter 4,Salem,427,98.71
2023 Quarter 4,Salisbury,325,76.67
2023 Quarter 4,Scotland,44,27.9
2023 Quarter 4,Seymour,1504,89.48
2023 Quarter 4,Sharon,229,84.07
2023 Quarter 4,Shelton,3351,79.98
2023 Quarter 4,Sherman,334,94.43
2023 Quarter 4,Simsbury,2576,103.31
2023 Quarter 4,Somers,797,80.97
2023 Quarter 4,South Windsor,1895,70.75
2023 Quarter 4,Southbury,1657,82.94
2023 Quarter 4,Southington,3640,83.19
2023 Quarter 4,Sprague,334,112.91
2023 Quarter 4,Stafford,1045,91.27
2023 Quarter 4,Stamford,8297,60.92
2023 Quarter 4,Sterling,400,110.41
2023 Quarter 4,Stonington,2779,150.38
2023 Quarter 4,Stratford,3398,64.75
2023 Quarter 4,Suffield,1243,79.02
2023 Quarter 4,Thomaston,636,85.16
2023 Quarter 4,Thompson,724,77.72
2023 Quarter 4,Tolland,1216,83.42
2023 Quarter 4,Torrington,3101,87.2
2023 Quarter 4,Trumbull,3278,88.27
2023 Quarter 4,Union,37,46.66
2023 Quarter 4,Vernon,2477,80.88
2023 Quarter 4,Voluntown,279,107.64
2023 Quarter 4,Wallingford,3885,88.26
2023 Quarter 4,Warren,107,79.14
2023 Quarter 4,Washington,261,71.19
2023 Quarter 4,Waterbury,5392,46.88
2023 Quarter 4,Waterford,2571,131.15
2023 Quarter 4,Watertown,1570,70.77
2023 Quarter 4,West Hartford,6374,99.17
2023 Quarter 4,West Haven,2997,54.49
2023 Quarter 4,Westbrook,850,123.91
2023 Quarter 4,Weston,1591,153.66
2023 Quarter 4,Westport,3488,127.17
2023 Quarter 4,Wethersfield,2103,77.52
2023 Quarter 4,Willington,452,81.53
2023 Quarter 4,Wilton,2092,113.34
2023 Quarter 4,Winchester,971,94.82
2023 Quarter 4,Windham,1757,72.01
2023 Quarter 4,Windsor,1765,59.93
2023 Quarter 4,Windsor Locks,965,76.97
2023 Quarter 4,Wolcott,1447,89.38
2023 Quarter 4,Woodbridge,902,99.66
2023 Quarter 4,Woodbury,936,95.49
2023 Quarter 4,Woodstock,663,79.76
2024 Quarter 1,Andover,284,90.16
2024 Quarter 1,Ansonia,1485,78.48
2024 Quarter 1,Ashford,396,93.79
2024 Quarter 1,Avon,1831,97.03
2024 Quarter 1,Barkhamsted,332,90.54
2024 Quarter 1,Beacon Falls,613,100.07
2024 Quarter 1,Berlin,1601,79.27
2024 Quarter 1,Bethany,606,114.84
2024 Quarter 1,Bethel,2181,105.44
2024 Quarter 1,Bethlehem,246,72.16
2024 Quarter 1,Bloomfield,980,45.45
2024 Quarter 1,Bolton,374,77.37
2024 Quarter 1,Bozrah,316,130.58
2024 Quarter 1,Branford,2996,106.44
2024 Quarter 1,Bridgeport,4306,29.02
2024 Quarter 1,Bridgewater,152,92.01
2024 Quarter 1,Bristol,4888,79.7
2024 Quarter 1,Brookfield,1859,105.97
2024 Quarter 1,Brooklyn,853,100.33
2024 Quarter 1,Burlington,855,88.05
2024 Quarter 1,Canaan,85,78.63
2024 Quarter 1,Canterbury,488,95.65
2024 Quarter 1,Canton,906,89.78
2024 Quarter 1,Chaplin,259,120.13
2024 Quarter 1,Cheshire,2734,94.3
2024 Quarter 1,Chester,364,96.89
2024 Quarter 1,Clinton,1517,113.22
2024 Quarter 1,Colchester,1737,111.55
2024 Quarter 1,Colebrook,81,59.17
2024 Quarter 1,Columbia,547,104.03
2024 Quarter 1,Cornwall,121,76.92
2024 Quarter 1,Coventry,1150,93.61
2024 Quarter 1,Cromwell,1257,87.8
2024 Quarter 1,Danbury,5382,61.89
2024 Quarter 1,Darien,2767,126.2
2024 Quarter 1,Deep River,534,120.13
2024 Quarter 1,Derby,1031,83.43
2024 Quarter 1,Durham,632,87.69
2024 Quarter 1,East Granby,542,103.87
2024 Quarter 1,East Haddam,892,99.68
2024 Quarter 1,East Hampton,1285,99.15
2024 Quarter 1,East Hartford,2317,45.68
2024 Quarter 1,East Haven,2294,82.87
2024 Quarter 1,East Lyme,2440,129.87
2024 Quarter 1,East Windsor,306,27.38
2024 Quarter 1,Eastford,123,73.43
2024 Quarter 1,Easton,1262,165.4
2024 Quarter 1,Ellington,1261,74.28
2024 Quarter 1,Enfield,3450,83.65
2024 Quarter 1,Essex,615,90.53
2024 Quarter 1,Fairfield,6635,105.53
2024 Quarter 1,Farmington,2120,79.32
2024 Quarter 1,Franklin,207,110.05
2024 Quarter 1,Glastonbury,3467,98.5
2024 Quarter 1,Goshen,195,60.88
2024 Quarter 1,Granby,956,86.59
2024 Quarter 1,Greenwich,6851,107.66
2024 Quarter 1,Griswold,1662,144.41
2024 Quarter 1,Groton,2936,77.79
2024 Quarter 1,Guilford,2483,112.77
2024 Quarter 1,Haddam,818,94.35
2024 Quarter 1,Hamden,3660,60.19
2024 Quarter 1,Hampton,175,100.69
2024 Quarter 1,Hartford,3988,33.04
2024 Quarter 1,Hartland,137,71.8
2024 Quarter 1,Harwinton,480,86.3
2024 Quarter 1,Hebron,841,92.2
2024 Quarter 1,Kent,248,81.28
2024 Quarter 1,Killingly,1806,101.25
2024 Quarter 1,Killingworth,624,100.02
2024 Quarter 1,Lebanon,643,90.16
2024 Quarter 1,Ledyard,1974,127.72
2024 Quarter 1,Lisbon,403,95.0
2024 Quarter 1,Litchfield,782,94.46
2024 Quarter 1,Lyme,114,47.48
2024 Quarter 1,Madison,2290,130.37
2024 Quarter 1,Manchester,4321,72.67
2024 Quarter 1,Mansfield,1169,36.59
2024 Quarter 1,Marlborough,663,108.53
2024 Quarter 1,Meriden,4192,69.59
2024 Quarter 1,Middlebury,756,96.84
2024 Quarter 1,Middlefield,400,94.16
2024 Quarter 1,Middletown,3965,81.37
2024 Quarter 1,Milford,4835,91.78
2024 Quarter 1,Monroe,1781,94.75
2024 Quarter 1,Montville,2265,126.6
2024 Quarter 1,Morris,140,61.76
2024 Quarter 1,Naugatuck,2250,70.97
2024 Quarter 1,New Britain,3808,51.19
2024 Quarter 1,New Canaan,2766,133.14
2024 Quarter 1,New Fairfield,1219,90.06
2024 Quarter 1,New Hartford,645,96.3
2024 Quarter 1,New Haven,7015,50.5
2024 Quarter 1,New London,2622,93.71
2024 Quarter 1,New Milford,2606,92.17
2024 Quarter 1,Newington,2387,78.63
2024 Quarter 1,Newtown,3025,109.69
2024 Quarter 1,Norfolk,130,81.56
2024 Quarter 1,North Branford,1422,105.61
2024 Quarter 1,North Canaan,255,79.46
2024 Quarter 1,North Haven,2320,96.21
2024 Quarter 1,North Stonington,534,103.21
2024 Quarter 1,Norwalk,5959,65.2
2024 Quarter 1,Norwich,4056,101.38
2024 Quarter 1,Old Lyme,1037,134.96
2024 Quarter 1,Old Saybrook,1148,108.97
2024 Quarter 1,Orange,1178,82.62
2024 Quarter 1,Oxford,1187,91.72
2024 Quarter 1,Plainfield,1525,100.71
2024 Quarter 1,Plainville,1587,90.79
2024 Quarter 1,Plymouth,1126,96.15
2024 Quarter 1,Pomfret,468,108.66
2024 Quarter 1,Portland,1047,111.04
2024 Quarter 1,Preston,600,123.97
2024 Quarter 1,Prospect,788,83.52
2024 Quarter 1,Putnam,985,105.89
2024 Quarter 1,Redding,1035,118.34
2024 Quarter 1,Ridgefield,2791,111.61
2024 Quarter 1,Rocky Hill,1522,73.48
2024 Quarter 1,Roxbury,194,85.13
2024 Quarter 1,Salem,456,105.41
2024 Quarter 1,Salisbury,364,85.87
2024 Quarter 1,Scotland,48,30.44
2024 Quarter 1,Seymour,1555,92.51
2024 Quarter 1,Sharon,196,71.95
2024 Quarter 1,Shelton,3325,79.36
2024 Quarter 1,Sherman,340,96.13
2024 Quarter 1,Simsbury,2549,102.23
2024 Quarter 1,Somers,788,80.06
2024 Quarter 1,South Windsor,1950,72.81
2024 Quarter 1,Southbury,1774,88.79
2024 Quarter 1,Southington,3688,84.29
2024 Quarter 1,Sprague,360,121.7
2024 Quarter 1,Stafford,1034,90.31
2024 Quarter 1,Stamford,8402,61.69
2024 Quarter 1,Sterling,446,123.1
2024 Quarter 1,Stonington,2884,156.06
2024 Quarter 1,Stratford,3414,65.06
2024 Quarter 1,Suffield,1310,83.28
2024 Quarter 1,Thomaston,650,87.04
2024 Quarter 1,Thompson,734,78.8
2024 Quarter 1,Tolland,1276,87.54
2024 Quarter 1,Torrington,3100,87.17
2024 Quarter 1,Trumbull,3473,93.52
2024 Quarter 1,Union,39,49.18
2024 Quarter 1,Vernon,2506,81.83
2024 Quarter 1,Voluntown,299,115.35
2024 Quarter 1,Wallingford,4079,92.67
2024 Quarter 1,Warren,130,96.15
2024 Quarter 1,Washington,275,75.01
2024 Quarter 1,Waterbury,5571,48.44
2024 Quarter 1,Waterford,2499,127.48
2024 Quarter 1,Watertown,1628,73.39
2024 Quarter 1,West Hartford,6568,102.19
2024 Quarter 1,West Haven,3039,55.25
2024 Quarter 1,Westbrook,815,118.8
2024 Quarter 1,Weston,1616,156.07
2024 Quarter 1,Westport,3607,131.51
2024 Quarter 1,Wethersfield,2157,79.51
2024 Quarter 1,Willington,471,84.96
2024 Quarter 1,Wilton,2162,117.14
2024 Quarter 1,Winchester,962,93.95
2024 Quarter 1,Windham,1768,72.46
2024 Quarter 1,Windsor,1817,61.69
2024 Quarter 1,Windsor Locks,950,75.78
2024 Quarter 1,Wolcott,1465,90.49
2024 Quarter 1,Woodbridge,934,103.19
2024 Quarter 1,Woodbury,912,93.04
2024 Quarter 1,Woodstock,646,77.72
2024 Quarter 2,Andover,287,91.11
2024 Quarter 2,Ansonia,1512,79.9
2024 Quarter 2,Ashford,411,97.35
2024 Quarter 2,Avon,1849,97.98
2024 Quarter 2,Barkhamsted,344,93.81
2024 Quarter 2,Beacon Falls,680,111.0
2024 Quarter 2,Berlin,1661,82.24
2024 Quarter 2,Bethany,626,118.63
2024 Quarter 2,Bethel,2272,109.84
2024 Quarter 2,Bethlehem,264,77.44
2024 Quarter 2,Bloomfield,1052,48.79
2024 Quarter 2,Bolton,411,85.02
2024 Quarter 2,Bozrah,318,131.4
2024 Quarter 2,Branford,3160,112.26
2024 Quarter 2,Bridgeport,4477,30.17
2024 Quarter 2,Bridgewater,163,98.67
2024 Quarter 2,Bristol,5067,82.62
2024 Quarter 2,Brookfield,1828,104.2
2024 Quarter 2,Brooklyn,878,103.27
2024 Quarter 2,Burlington,833,85.79
2024 Quarter 2,Canaan,100,92.51
2024 Quarter 2,Canterbury,522,102.31
2024 Quarter 2,Canton,1014,100.49
2024 Quarter 2,Chaplin,243,112.71
2024 Quarter 2,Cheshire,2742,94.57
2024 Quarter 2,Chester,364,96.89
2024 Quarter 2,Clinton,1625,121.28
2024 Quarter 2,Colchester,1915,122.98
2024 Quarter 2,Colebrook,73,53.32
2024 Quarter 2,Columbia,603,114.68
2024 Quarter 2,Cornwall,125,79.47
2024 Quarter 2,Coventry,1210,98.49
2024 Quarter 2,Cromwell,1345,93.94
2024 Quarter 2,Danbury,5689,65.42
2024 Quarter 2,Darien,2873,131.03
2024 Quarter 2,Deep River,592,133.18
2024 Quarter 2,Derby,1121,90.71
2024 Quarter 2,Durham,635,88.11
2024 Quarter 2,East Granby,558,106.94
2024 Quarter 2,East Haddam,848,94.76
2024 Quarter 2,East Hampton,1375,106.1
2024 Quarter 2,East Hartford,2381,46.95
2024 Quarter 2,East Haven,2361,85.29
2024 Quarter 2,East Lyme,2472,131.57
2024 Quarter 2,East Windsor,334,29.89
2024 Quarter 2,Eastford,140,83.58
2024 Quarter 2,Easton,1266,165.92
2024 Quarter 2,Ellington,1399,82.41
2024 Quarter 2,Enfield,3568,86.51
2024 Quarter 2,Essex,598,88.03
2024 Quarter 2,Fairfield,7044,112.04
2024 Quarter 2,Farmington,2261,84.59
2024 Quarter 2,Franklin,208,110.58
2024 Quarter 2,Glastonbury,3530,100.29
2024 Quarter 2,Goshen,211,65.88
2024 Quarter 2,Granby,1003,90.84
2024 Quarter 2,Greenwich,7172,112.7
2024 Quarter 2,Griswold,1768,153.62
2024 Quarter 2,Groton,3041,80.57
2024 Quarter 2,Guilford,2535,115.13
2024 Quarter 2,Haddam,876,101.04
2024 Quarter 2,Hamden,3767,61.95
2024 Quarter 2,Hampton,199,114.5
2024 Quarter 2,Hartford,4087,33.86
2024 Quarter 2,Hartland,120,62.89
2024 Quarter 2,Harwinton,491,88.28
2024 Quarter 2,Hebron,862,94.51
2024 Quarter 2,Kent,247,80.96
2024 Quarter 2,Killingly,1895,106.24
2024 Quarter 2,Killingworth,646,103.54
2024 Quarter 2,Lebanon,647,90.72
2024 Quarter 2,Ledyard,2076,134.32
2024 Quarter 2,Lisbon,398,93.82
2024 Quarter 2,Litchfield,749,90.47
2024 Quarter 2,Lyme,116,48.31
2024 Quarter 2,Madison,2251,128.15
2024 Quarter 2,Manchester,4479,75.33
2024 Quarter 2,Mansfield,1232,38.56
2024 Quarter 2,Marlborough,752,123.1
2024 Quarter 2,Meriden,4456,73.97
2024 Quarter 2,Middlebury,810,103.75
2024 Quarter 2,Middlefield,431,101.46
2024 Quarter 2,Middletown,4351,89.29
2024 Quarter 2,Milford,5010,95.1
2024 Quarter 2,Monroe,1876,99.81
2024 Quarter 2,Montville,2394,133.81
2024 Quarter 2,Morris,139,61.31
2024 Quarter 2,Naugatuck,2426,76.52
2024 Quarter 2,New Britain,3911,52.57
2024 Quarter 2,New Canaan,2922,140.65
2024 Quarter 2,New Fairfield,1327,98.03
2024 Quarter 2,New Hartford,671,100.18
2024 Quarter 2,New Haven,7225,52.01
2024 Quarter 2,New London,2662,95.14
2024 Quarter 2,New Milford,2521,89.16
2024 Quarter 2,Newington,2421,79.75
2024 Quarter 2,Newtown,3269,118.54
2024 Quarter 2,Norfolk,127,79.67
2024 Quarter 2,North Branford,1410,104.72
2024 Quarter 2,North Canaan,220,68.56
2024 Quarter 2,North Haven,2412,100.02
2024 Quarter 2,North Stonington,501,96.83
2024 Quarter 2,Norwalk,6282,68.73
2024 Quarter 2,Norwich,4093,102.3
2024 Quarter 2,Old Lyme,1000,130.14
2024 Quarter 2,Old Saybrook,1216,115.42
2024 Quarter 2,Orange,1194,83.74
2024 Quarter 2,Oxford,1264,97.67
2024 Quarter 2,Plainfield,1691,111.67
2024 Quarter 2,Plainville,1731,99.03
2024 Quarter 2,Plymouth,1090,93.07
2024 Quarter 2,Pomfret,461,107.04
2024 Quarter 2,Portland,1057,112.1
2024 Quarter 2,Preston,614,126.86
2024 Quarter 2,Prospect,808,85.64
2024 Quarter 2,Putnam,1054,113.31
2024 Quarter 2,Redding,1069,122.23
2024 Quarter 2,Ridgefield,3039,121.53
2024 Quarter 2,Rocky Hill,1597,77.11
2024 Quarter 2,Roxbury,177,77.67
2024 Quarter 2,Salem,472,109.11
2024 Quarter 2,Salisbury,303,71.48
2024 Quarter 2,Scotland,50,31.71
2024 Quarter 2,Seymour,1660,98.76
2024 Quarter 2,Sharon,218,80.03
2024 Quarter 2,Shelton,3479,83.04
2024 Quarter 2,Sherman,365,103.19
2024 Quarter 2,Simsbury,2708,108.6
2024 Quarter 2,Somers,839,85.24
2024 Quarter 2,South Windsor,2048,76.47
2024 Quarter 2,Southbury,1852,92.7
2024 Quarter 2,Southington,3900,89.14
2024 Quarter 2,Sprague,389,131.51
2024 Quarter 2,Stafford,1043,91.1
2024 Quarter 2,Stamford,8633,63.39
2024 Quarter 2,Sterling,448,123.65
2024 Quarter 2,Stonington,3036,164.29
2024 Quarter 2,Stratford,3471,66.14
2024 Quarter 2,Suffield,1218,77.43
2024 Quarter 2,Thomaston,629,84.23
2024 Quarter 2,Thompson,769,82.56
2024 Quarter 2,Tolland,1323,90.76
2024 Quarter 2,Torrington,3329,93.61
2024 Quarter 2,Trumbull,3562,95.92
2024 Quarter 2,Union,39,49.18
2024 Quarter 2,Vernon,2645,86.37
2024 Quarter 2,Voluntown,314,121.14
2024 Quarter 2,Wallingford,4164,94.6
2024 Quarter 2,Warren,111,82.1
2024 Quarter 2,Washington,302,82.38
2024 Quarter 2,Waterbury,5748,49.98
2024 Quarter 2,Waterford,2699,137.68
2024 Quarter 2,Watertown,1738,78.35
2024 Quarter 2,West Hartford,6746,104.96
2024 Quarter 2,West Haven,3224,58.61
2024 Quarter 2,Westbrook,866,126.24
2024 Quarter 2,Weston,1615,155.98
2024 Quarter 2,Westport,3579,130.49
2024 Quarter 2,Wethersfield,2304,84.93
2024 Quarter 2,Willington,485,87.48
2024 Quarter 2,Wilton,2158,116.92
2024 Quarter 2,Winchester,969,94.63
2024 Quarter 2,Windham,1857,76.11
2024 Quarter 2,Windsor,1838,62.4
2024 Quarter 2,Windsor Locks,957,76.33
2024 Quarter 2,Wolcott,1519,93.82
2024 Quarter 2,Woodbridge,969,107.06
2024 Quarter 2,Woodbury,983,100.29
2024 Quarter 2,Woodstock,673,80.97
2024 Quarter 3,Andover,294,93.51
2024 Quarter 3,Ansonia,1488,78.28
2024 Quarter 3,Ashford,390,92.22
2024 Quarter 3,Avon,1831,96.97
2024 Quarter 3,Barkhamsted,360,97.91
2024 Quarter 3,Beacon Falls,656,105.7
2024 Quarter 3,Berlin,1645,80.52
2024 Quarter 3,Bethany,589,111.74
2024 Quarter 3,Bethel,2211,106.93
2024 Quarter 3,Bethlehem,252,73.66
2024 Quarter 3,Bloomfield,1064,48.62
2024 Quarter 3,Bolton,406,83.99
2024 Quarter 3,Bozrah,296,122.72
2024 Quarter 3,Branford,3167,112.98
2024 Quarter 3,Bridgeport,4311,29.12
2024 Quarter 3,Bridgewater,151,91.74
2024 Quarter 3,Bristol,5132,83.31
2024 Quarter 3,Brookfield,1871,106.98
2024 Quarter 3,Brooklyn,815,94.64
2024 Quarter 3,Burlington,911,93.47
2024 Quarter 3,Canaan,70,64.7
2024 Quarter 3,Canterbury,535,104.09
2024 Quarter 3,Canton,994,97.97
2024 Quarter 3,Chaplin,262,121.46
2024 Quarter 3,Cheshire,2800,95.89
2024 Quarter 3,Chester,363,96.52
2024 Quarter 3,Clinton,1524,113.71
2024 Quarter 3,Colchester,1886,121.65
2024 Quarter 3,Colebrook,69,50.44
2024 Quarter 3,Columbia,593,112.57
2024 Quarter 3,Cornwall,138,87.62
2024 Quarter 3,Coventry,1268,103.02
2024 Quarter 3,Cromwell,1300,90.51
2024 Quarter 3,Danbury,5431,63.06
2024 Quarter 3,Darien,2958,134.33
2024 Quarter 3,Deep River,592,132.91
2024 Quarter 3,Derby,1080,87.05
2024 Quarter 3,Durham,636,88.28
2024 Quarter 3,East Granby,601,115.18
2024 Quarter 3,East Haddam,814,90.58
2024 Quarter 3,East Hampton,1336,102.86
2024 Quarter 3,East Hartford,2339,46.18
2024 Quarter 3,East Haven,2399,87.13
2024 Quarter 3,East Lyme,2421,127.9
2024 Quarter 3,East Windsor,332,29.72
2024 Quarter 3,Eastford,144,85.26
2024 Quarter 3,Easton,1327,173.78
2024 Quarter 3,Ellington,1324,77.91
2024 Quarter 3,Enfield,3518,86.24
2024 Quarter 3,Essex,586,86.15
2024 Quarter 3,Fairfield,7028,110.79
2024 Quarter 3,Farmington,2216,82.69
2024 Quarter 3,Franklin,222,117.4
2024 Quarter 3,Glastonbury,3516,99.88
2024 Quarter 3,Goshen,211,65.28
2024 Quarter 3,Granby,961,85.43
2024 Quarter 3,Greenwich,7000,110.11
2024 Quarter 3,Griswold,1633,140.49
2024 Quarter 3,Groton,3076,81.21
2024 Quarter 3,Guilford,2607,118.39
2024 Quarter 3,Haddam,802,91.42
2024 Quarter 3,Hamden,3723,62.04
2024 Quarter 3,Hampton,201,115.52
2024 Quarter 3,Hartford,3968,33.16
2024 Quarter 3,Hartland,115,60.15
2024 Quarter 3,Harwinton,498,88.74
2024 Quarter 3,Hebron,829,90.64
2024 Quarter 3,Kent,238,77.63
2024 Quarter 3,Killingly,1894,105.54
2024 Quarter 3,Killingworth,627,100.26
2024 Quarter 3,Lebanon,647,91.02
2024 Quarter 3,Ledyard,2067,133.71
2024 Quarter 3,Lisbon,381,90.11
2024 Quarter 3,Litchfield,798,96.23
2024 Quarter 3,Lyme,136,56.45
2024 Quarter 3,Madison,2247,128.41
2024 Quarter 3,Manchester,4497,75.7
2024 Quarter 3,Mansfield,1204,47.4
2024 Quarter 3,Marlborough,646,105.8
2024 Quarter 3,Meriden,4278,71.17
2024 Quarter 3,Middlebury,789,99.42
2024 Quarter 3,Middlefield,395,92.79
2024 Quarter 3,Middletown,4196,87.45
2024 Quarter 3,Milford,5086,96.34
2024 Quarter 3,Monroe,1870,99.3
2024 Quarter 3,Montville,2462,138.21
2024 Quarter 3,Morris,144,63.38
2024 Quarter 3,Naugatuck,2419,76.02
2024 Quarter 3,New Britain,3854,52.02
2024 Quarter 3,New Canaan,2866,137.38
2024 Quarter 3,New Fairfield,1290,95.65
2024 Quarter 3,New Hartford,671,100.01
2024 Quarter 3,New Haven,7256,53.62
2024 Quarter 3,New London,2569,93.21
2024 Quarter 3,New Milford,2675,94.6
2024 Quarter 3,Newington,2464,78.91
2024 Quarter 3,Newtown,3126,112.96
2024 Quarter 3,Norfolk,129,80.83
2024 Quarter 3,North Branford,1410,105.11
2024 Quarter 3,North Canaan,233,72.72
2024 Quarter 3,North Haven,2379,97.92
2024 Quarter 3,North Stonington,506,97.97
2024 Quarter 3,Norwalk,6206,67.12
2024 Quarter 3,Norwich,4165,104.44
2024 Quarter 3,Old Lyme,1051,136.56
2024 Quarter 3,Old Saybrook,1216,115.03
2024 Quarter 3,Orange,1186,82.81
2024 Quarter 3,Oxford,1106,84.27
2024 Quarter 3,Plainfield,1686,110.97
2024 Quarter 3,Plainville,1658,94.79
2024 Quarter 3,Plymouth,1057,89.84
2024 Quarter 3,Pomfret,500,115.93
2024 Quarter 3,Portland,1002,106.28
2024 Quarter 3,Preston,642,132.95
2024 Quarter 3,Prospect,808,85.24
2024 Quarter 3,Putnam,1021,109.64
2024 Quarter 3,Redding,1004,115.15
2024 Quarter 3,Ridgefield,2990,119.93
2024 Quarter 3,Rocky Hill,1603,77.41
2024 Quarter 3,Roxbury,163,70.96
2024 Quarter 3,Salem,482,111.6
2024 Quarter 3,Salisbury,264,62.26
2024 Quarter 3,Scotland,56,35.49
2024 Quarter 3,Seymour,1580,93.2
2024 Quarter 3,Sharon,226,82.36
2024 Quarter 3,Shelton,3380,80.2
2024 Quarter 3,Sherman,381,107.93
2024 Quarter 3,Simsbury,2759,110.57
2024 Quarter 3,Somers,842,78.51
2024 Quarter 3,South Windsor,2058,76.87
2024 Quarter 3,Southbury,1803,89.58
2024 Quarter 3,Southington,3789,86.62
2024 Quarter 3,Sprague,389,132.31
2024 Quarter 3,Stafford,1066,92.16
2024 Quarter 3,Stamford,8935,65.59
2024 Quarter 3,Sterling,430,118.0
2024 Quarter 3,Stonington,3068,166.46
2024 Quarter 3,Stratford,3399,64.8
2024 Quarter 3,Suffield,1188,75.91
2024 Quarter 3,Thomaston,609,81.19
2024 Quarter 3,Thompson,711,75.76
2024 Quarter 3,Tolland,1318,90.44
2024 Quarter 3,Torrington,3267,91.9
2024 Quarter 3,Trumbull,3499,93.88
2024 Quarter 3,Union,52,65.24
2024 Quarter 3,Vernon,2689,87.89
2024 Quarter 3,Voluntown,264,101.07
2024 Quarter 3,Wallingford,4158,95.09
2024 Quarter 3,Warren,126,92.17
2024 Quarter 3,Washington,307,83.31
2024 Quarter 3,Waterbury,5413,47.07
2024 Quarter 3,Waterford,2745,138.43
2024 Quarter 3,Watertown,1730,77.67
2024 Quarter 3,West Hartford,6880,107.55
2024 Quarter 3,West Haven,3198,58.37
2024 Quarter 3,Westbrook,854,124.11
2024 Quarter 3,Weston,1639,158.45
2024 Quarter 3,Westport,3538,128.8
2024 Quarter 3,Wethersfield,2294,84.61
2024 Quarter 3,Willington,466,83.93
2024 Quarter 3,Wilton,2222,120.76
2024 Quarter 3,Winchester,911,89.0
2024 Quarter 3,Windham,1840,77.2
2024 Quarter 3,Windsor,1887,64.24
2024 Quarter 3,Windsor Locks,983,78.46
2024 Quarter 3,Wolcott,1538,94.3
2024 Quarter 3,Woodbridge,929,102.98
2024 Quarter 3,Woodbury,945,95.82
2024 Quarter 3,Woodstock,673,80.64
2024 Quarter 4,Andover,296,94.15
2024 Quarter 4,Ansonia,1484,78.07
2024 Quarter 4,Ashford,439,103.81
2024 Quarter 4,Avon,1909,101.1
2024 Quarter 4,Barkhamsted,403,109.6
2024 Quarter 4,Beacon Falls,603,97.16
2024 Quarter 4,Berlin,1651,80.82
2024 Quarter 4,Bethany,609,115.54
2024 Quarter 4,Bethel,2303,111.37
2024 Quarter 4,Bethlehem,259,75.71
2024 Quarter 4,Bloomfield,1097,50.13
2024 Quarter 4,Bolton,416,86.06
2024 Quarter 4,Bozrah,309,128.11
2024 Quarter 4,Branford,3298,117.66
2024 Quarter 4,Bridgeport,4660,31.48
2024 Quarter 4,Bridgewater,0,0.0
2024 Quarter 4,Bristol,5195,84.33
2024 Quarter 4,Brookfield,1942,111.04
2024 Quarter 4,Brooklyn,887,103.0
2024 Quarter 4,Burlington,950,97.48
2024 Quarter 4,Canaan,76,70.24
2024 Quarter 4,Canterbury,518,100.78
2024 Quarter 4,Canton,1063,104.77
2024 Quarter 4,Chaplin,233,108.02
2024 Quarter 4,Cheshire,2944,100.82
2024 Quarter 4,Chester,375,99.71
2024 Quarter 4,Clinton,1634,121.92
2024 Quarter 4,Colchester,1973,127.26
2024 Quarter 4,Colebrook,91,66.52
2024 Quarter 4,Columbia,633,120.16
2024 Quarter 4,Cornwall,129,81.9
2024 Quarter 4,Coventry,1303,105.87
2024 Quarter 4,Cromwell,1331,92.67
2024 Quarter 4,Danbury,5452,63.3
2024 Quarter 4,Darien,2997,136.1
2024 Quarter 4,Deep River,577,129.55
2024 Quarter 4,Derby,1089,87.78
2024 Quarter 4,Durham,674,93.56
2024 Quarter 4,East Granby,645,123.61
2024 Quarter 4,East Haddam,907,100.92
2024 Quarter 4,East Hampton,1488,114.56
2024 Quarter 4,East Hartford,2476,48.88
2024 Quarter 4,East Haven,2359,85.68
2024 Quarter 4,East Lyme,2549,134.66
2024 Quarter 4,East Windsor,390,34.91
2024 Quarter 4,Eastford,151,89.4
2024 Quarter 4,Easton,1311,171.69
2024 Quarter 4,Ellington,1401,82.44
2024 Quarter 4,Enfield,3602,88.3
2024 Quarter 4,Essex,633,93.06
2024 Quarter 4,Fairfield,7271,114.62
2024 Quarter 4,Farmington,2277,84.97
2024 Quarter 4,Franklin,217,114.75
2024 Quarter 4,Glastonbury,3706,105.27
2024 Quarter 4,Goshen,221,68.38
2024 Quarter 4,Granby,958,85.16
2024 Quarter 4,Greenwich,7336,115.39
2024 Quarter 4,Griswold,1659,142.72
2024 Quarter 4,Groton,3131,82.66
2024 Quarter 4,Guilford,2731,124.02
2024 Quarter 4,Haddam,889,101.33
2024 Quarter 4,Hamden,3881,64.67
2024 Quarter 4,Hampton,218,125.29
2024 Quarter 4,Hartford,4308,36.0
2024 Quarter 4,Hartland,128,66.95
2024 Quarter 4,Harwinton,546,97.29
2024 Quarter 4,Hebron,893,97.64
2024 Quarter 4,Kent,276,90.02
2024 Quarter 4,Killingly,1942,108.22
2024 Quarter 4,Killingworth,685,109.53
2024 Quarter 4,Lebanon,684,96.23
2024 Quarter 4,Ledyard,2082,134.68
2024 Quarter 4,Lisbon,440,104.07
2024 Quarter 4,Litchfield,795,95.86
2024 Quarter 4,Lyme,131,54.38
2024 Quarter 4,Madison,2404,137.39
2024 Quarter 4,Manchester,4652,78.31
2024 Quarter 4,Mansfield,1220,48.03
2024 Quarter 4,Marlborough,709,116.12
2024 Quarter 4,Meriden,4439,73.85
2024 Quarter 4,Middlebury,770,97.03
2024 Quarter 4,Middlefield,417,97.96
2024 Quarter 4,Middletown,4335,90.34
2024 Quarter 4,Milford,5404,102.36
2024 Quarter 4,Monroe,1926,102.28
2024 Quarter 4,Montville,2428,136.3
2024 Quarter 4,Morris,141,62.06
2024 Quarter 4,Naugatuck,2499,78.54
2024 Quarter 4,New Britain,3960,53.46
2024 Quarter 4,New Canaan,3010,144.28
2024 Quarter 4,New Fairfield,1315,97.5
2024 Quarter 4,New Hartford,678,101.06
2024 Quarter 4,New Haven,7899,58.37
2024 Quarter 4,New London,2704,98.11
2024 Quarter 4,New Milford,2705,95.66
2024 Quarter 4,Newington,2543,81.44
2024 Quarter 4,Newtown,3210,116.0
2024 Quarter 4,Norfolk,144,90.23
2024 Quarter 4,North Branford,1415,105.48
2024 Quarter 4,North Canaan,251,78.34
2024 Quarter 4,North Haven,2440,100.43
2024 Quarter 4,North Stonington,501,97.0
2024 Quarter 4,Norwalk,6437,69.62
2024 Quarter 4,Norwich,4314,108.17
2024 Quarter 4,Old Lyme,1047,136.04
2024 Quarter 4,Old Saybrook,1205,113.99
2024 Quarter 4,Orange,1210,84.49
2024 Quarter 4,Oxford,1182,90.06
2024 Quarter 4,Plainfield,1722,113.34
2024 Quarter 4,Plainville,1726,98.68
2024 Quarter 4,Plymouth,1077,91.53
2024 Quarter 4,Pomfret,542,125.67
2024 Quarter 4,Portland,1044,110.73
2024 Quarter 4,Preston,665,137.71
2024 Quarter 4,Prospect,811,85.56
2024 Quarter 4,Putnam,1150,123.5
2024 Quarter 4,Redding,1117,128.11
2024 Quarter 4,Ridgefield,3088,123.86
2024 Quarter 4,Rocky Hill,1608,77.65
2024 Quarter 4,Roxbury,162,70.53
2024 Quarter 4,Salem,496,114.84
2024 Quarter 4,Salisbury,266,62.74
2024 Quarter 4,Scotland,72,45.63
2024 Quarter 4,Seymour,1553,91.61
2024 Quarter 4,Sharon,232,84.55
2024 Quarter 4,Shelton,3356,79.63
2024 Quarter 4,Sherman,358,101.42
2024 Quarter 4,Simsbury,2759,110.57
2024 Quarter 4,Somers,865,80.65
2024 Quarter 4,South Windsor,2082,77.76
2024 Quarter 4,Southbury,1785,88.69
2024 Quarter 4,Southington,3968,90.71
2024 Quarter 4,Sprague,403,137.07
2024 Quarter 4,Stafford,1141,98.64
2024 Quarter 4,Stamford,9167,67.29
2024 Quarter 4,Sterling,433,118.83
2024 Quarter 4,Stonington,3068,166.46
2024 Quarter 4,Stratford,3570,68.06
2024 Quarter 4,Suffield,1325,84.66
2024 Quarter 4,Thomaston,604,80.52
2024 Quarter 4,Thompson,729,77.68
2024 Quarter 4,Tolland,1368,93.87
2024 Quarter 4,Torrington,3373,94.88
2024 Quarter 4,Trumbull,3742,100.41
2024 Quarter 4,Union,49,61.48
2024 Quarter 4,Vernon,2848,93.08
2024 Quarter 4,Voluntown,285,109.11
2024 Quarter 4,Wallingford,4287,98.04
2024 Quarter 4,Warren,115,84.13
2024 Quarter 4,Washington,326,88.47
2024 Quarter 4,Waterbury,5553,48.29
2024 Quarter 4,Waterford,2825,142.47
2024 Quarter 4,Watertown,1785,80.14
2024 Quarter 4,West Hartford,7074,110.58
2024 Quarter 4,West Haven,3214,58.66
2024 Quarter 4,Westbrook,898,130.5
2024 Quarter 4,Weston,1747,168.89
2024 Quarter 4,Westport,898,32.69
2024 Quarter 4,Wethersfield,2402,88.59
2024 Quarter 4,Willington,519,93.48
2024 Quarter 4,Wilton,2288,124.35
2024 Quarter 4,Winchester,990,96.72
2024 Quarter 4,Windham,1923,80.69
2024 Quarter 4,Windsor,1904,64.82
2024 Quarter 4,Windsor Locks,1022,81.57
2024 Quarter 4,Wolcott,1490,91.36
2024 Quarter 4,Woodbridge,1016,112.63
2024 Quarter 4,Woodbury,959,97.24
2024 Quarter 4,Woodstock,703,84.23
2025 Quarter 1,Andover,293,93.19
2025 Quarter 1,Ansonia,1498,78.81
2025 Quarter 1,Ashford,457,108.06
2025 Quarter 1,Avon,1957,103.64
2025 Quarter 1,Barkhamsted,417,113.41
2025 Quarter 1,Beacon Falls,617,99.42
2025 Quarter 1,Berlin,1678,82.14
2025 Quarter 1,Bethany,647,122.75
2025 Quarter 1,Bethel,2341,113.21
2025 Quarter 1,Bethlehem,256,74.83
2025 Quarter 1,Bloomfield,1099,50.22
2025 Quarter 1,Bolton,442,91.44
2025 Quarter 1,Bozrah,302,125.21
2025 Quarter 1,Branford,3303,117.83
2025 Quarter 1,Bridgeport,4785,32.32
2025 Quarter 1,Bridgewater,152,92.35
2025 Quarter 1,Bristol,5349,86.83
2025 Quarter 1,Brookfield,1987,113.61
2025 Quarter 1,Brooklyn,873,101.37
2025 Quarter 1,Burlington,938,96.24
2025 Quarter 1,Canaan,72,66.54
2025 Quarter 1,Canterbury,512,99.61
2025 Quarter 1,Canton,1084,106.84
2025 Quarter 1,Chaplin,239,110.8
2025 Quarter 1,Cheshire,2937,100.58
2025 Quarter 1,Chester,358,95.19
2025 Quarter 1,Clinton,1647,122.89
2025 Quarter 1,Colchester,2033,131.13
2025 Quarter 1,Colebrook,92,67.25
2025 Quarter 1,Columbia,584,110.86
2025 Quarter 1,Cornwall,138,87.62
2025 Quarter 1,Coventry,1419,115.29
2025 Quarter 1,Cromwell,1309,91.14
2025 Quarter 1,Danbury,5493,63.78
2025 Quarter 1,Darien,2985,135.56
2025 Quarter 1,Deep River,564,126.63
2025 Quarter 1,Derby,1171,94.39
2025 Quarter 1,Durham,679,94.25
2025 Quarter 1,East Granby,623,119.39
2025 Quarter 1,East Haddam,891,99.14
2025 Quarter 1,East Hampton,1512,116.41
2025 Quarter 1,East Hartford,2485,49.06
2025 Quarter 1,East Haven,2445,88.8
2025 Quarter 1,East Lyme,2544,134.4
2025 Quarter 1,East Windsor,407,36.44
2025 Quarter 1,Eastford,155,91.77
2025 Quarter 1,Easton,1343,175.88
2025 Quarter 1,Ellington,1427,83.97
2025 Quarter 1,Enfield,3801,93.18
2025 Quarter 1,Essex,625,91.88
2025 Quarter 1,Fairfield,7415,116.89
2025 Quarter 1,Farmington,2340,87.32
2025 Quarter 1,Franklin,233,123.22
2025 Quarter 1,Glastonbury,3776,107.26
2025 Quarter 1,Goshen,219,67.76
2025 Quarter 1,Granby,1044,92.81
2025 Quarter 1,Greenwich,7365,115.85
2025 Quarter 1,Griswold,1739,149.6
2025 Quarter 1,Groton,3153,83.24
2025 Quarter 1,Guilford,2714,123.25
2025 Quarter 1,Haddam,875,99.74
2025 Quarter 1,Hamden,3991,66.5
2025 Quarter 1,Hampton,233,133.91
2025 Quarter 1,Hartford,4547,38.0
2025 Quarter 1,Hartland,124,64.85
2025 Quarter 1,Harwinton,521,92.84
2025 Quarter 1,Hebron,931,101.79
2025 Quarter 1,Kent,292,95.24
2025 Quarter 1,Killingly,2041,113.74
2025 Quarter 1,Killingworth,708,113.21
2025 Quarter 1,Lebanon,716,100.73
2025 Quarter 1,Ledyard,2194,141.92
2025 Quarter 1,Lisbon,395,93.42
2025 Quarter 1,Litchfield,761,91.76
2025 Quarter 1,Lyme,135,56.04
2025 Quarter 1,Madison,2428,138.76
2025 Quarter 1,Manchester,4749,79.94
2025 Quarter 1,Mansfield,1285,50.59
2025 Quarter 1,Marlborough,679,111.2
2025 Quarter 1,Meriden,4466,74.3
2025 Quarter 1,Middlebury,795,100.18
2025 Quarter 1,Middlefield,394,92.55
2025 Quarter 1,Middletown,4526,94.32
2025 Quarter 1,Milford,5287,100.15
2025 Quarter 1,Monroe,1965,104.35
2025 Quarter 1,Montville,2436,136.75
2025 Quarter 1,Morris,162,71.3
2025 Quarter 1,Naugatuck,2491,78.28
2025 Quarter 1,New Britain,3975,53.66
2025 Quarter 1,New Canaan,2987,143.18
2025 Quarter 1,New Fairfield,1377,102.1
2025 Quarter 1,New Hartford,715,106.57
2025 Quarter 1,New Haven,7959,58.82
2025 Quarter 1,New London,2911,105.62
2025 Quarter 1,New Milford,2766,97.82
2025 Quarter 1,Newington,2658,85.12
2025 Quarter 1,Newtown,3293,119.0
2025 Quarter 1,Norfolk,149,93.36
2025 Quarter 1,North Branford,1465,109.21
2025 Quarter 1,North Canaan,223,69.6
2025 Quarter 1,North Haven,2514,103.48
2025 Quarter 1,North Stonington,470,91.0
2025 Quarter 1,Norwalk,6498,70.28
2025 Quarter 1,Norwich,4511,113.11
2025 Quarter 1,Old Lyme,1064,138.25
2025 Quarter 1,Old Saybrook,1277,120.8
2025 Quarter 1,Orange,1207,84.28
2025 Quarter 1,Oxford,1263,96.23
2025 Quarter 1,Plainfield,1772,116.63
2025 Quarter 1,Plainville,1753,100.22
2025 Quarter 1,Plymouth,1118,95.02
2025 Quarter 1,Pomfret,585,135.64
2025 Quarter 1,Portland,1079,114.45
2025 Quarter 1,Preston,702,145.37
2025 Quarter 1,Prospect,875,92.31
2025 Quarter 1,Putnam,1207,129.62
2025 Quarter 1,Redding,1103,126.51
2025 Quarter 1,Ridgefield,3023,121.25
2025 Quarter 1,Rocky Hill,1565,75.57
2025 Quarter 1,Roxbury,147,64.0
2025 Quarter 1,Salem,517,119.7
2025 Quarter 1,Salisbury,250,58.96
2025 Quarter 1,Scotland,54,34.22
2025 Quarter 1,Seymour,1559,91.96
2025 Quarter 1,Sharon,230,83.82
2025 Quarter 1,Shelton,3510,83.29
2025 Quarter 1,Sherman,355,100.57
2025 Quarter 1,Simsbury,2728,109.33
2025 Quarter 1,Somers,896,83.54
2025 Quarter 1,South Windsor,2037,76.08
2025 Quarter 1,Southbury,1796,89.23
2025 Quarter 1,Southington,4017,91.83
2025 Quarter 1,Sprague,429,145.92
2025 Quarter 1,Stafford,1174,101.5
2025 Quarter 1,Stamford,9356,68.68
2025 Quarter 1,Sterling,417,114.43
2025 Quarter 1,Stonington,2896,157.13
2025 Quarter 1,Stratford,3709,70.71
2025 Quarter 1,Suffield,1335,85.3
2025 Quarter 1,Thomaston,638,85.06
2025 Quarter 1,Thompson,753,80.23
2025 Quarter 1,Tolland,1386,95.1
2025 Quarter 1,Torrington,3363,94.6
2025 Quarter 1,Trumbull,3723,99.9
2025 Quarter 1,Union,51,63.99
2025 Quarter 1,Vernon,2865,93.64
2025 Quarter 1,Voluntown,298,114.09
2025 Quarter 1,Wallingford,4340,99.26
2025 Quarter 1,Warren,111,81.2
2025 Quarter 1,Washington,310,84.12
2025 Quarter 1,Waterbury,5987,52.07
2025 Quarter 1,Waterford,2813,141.86
2025 Quarter 1,Watertown,1867,83.82
2025 Quarter 1,West Hartford,7288,113.93
2025 Quarter 1,West Haven,3322,60.63
2025 Quarter 1,Westbrook,822,119.46
2025 Quarter 1,Weston,1841,177.98
2025 Quarter 1,Westport,3665,133.42
2025 Quarter 1,Wethersfield,2478,91.39
2025 Quarter 1,Willington,507,91.32
2025 Quarter 1,Wilton,2264,123.04
2025 Quarter 1,Winchester,986,96.33
2025 Quarter 1,Windham,2010,84.34
2025 Quarter 1,Windsor,1929,65.67
2025 Quarter 1,Windsor Locks,1093,87.24
2025 Quarter 1,Wolcott,1480,90.75
2025 Quarter 1,Woodbridge,927,102.76
2025 Quarter 1,Woodbury,976,98.97
2025 Quarter 1,Woodstock,739,88.55
